algorithm,problem,dimension,run_id,best_fitness,fe,iterations,wall_time
RCOA,F1_Sphere_D10,10,0,1.0681261944578203e-10,100022,3376,1.2791
RCOA,F1_Sphere_D10,10,1,6.531439001114464e-10,100027,3190,1.2325
RCOA,F1_Sphere_D10,10,2,6.531439001114464e-10,100027,3190,1.6022
RCOA,F1_Sphere_D10,10,3,6.531439001114464e-10,100030,3190,1.3834
RCOA,F1_Sphere_D10,10,4,1.4706259457244028e-10,100003,3344,1.2723
RCOA,F1_Sphere_D10,10,5,7.775581847644674e-11,100019,3409,1.2585
RCOA,F1_Sphere_D10,10,6,6.531439001114464e-10,100027,3190,1.3796
RCOA,F1_Sphere_D10,10,7,1.4706259457244028e-10,100003,3344,1.3431
RCOA,F1_Sphere_D10,10,8,6.531439001114464e-10,100027,3190,1.3444
RCOA,F1_Sphere_D10,10,9,6.531439001114464e-10,100027,3190,1.3169
RCOA,F1_Sphere_D10,10,10,1.5003345605061505e-10,100011,3342,1.4739
RCOA,F1_Sphere_D10,10,11,1.4706259457244028e-10,100003,3344,1.3049
RCOA,F1_Sphere_D10,10,12,1.0788610411790978e-10,100018,3375,1.3659
RCOA,F1_Sphere_D10,10,13,6.531439001114464e-10,100027,3190,1.4033
RCOA,F1_Sphere_D10,10,14,1.5003345605061505e-10,100011,3342,1.2813
PSO,F1_Sphere_D10,10,0,78.59103988206587,100000,1999,1.1423
PSO,F1_Sphere_D10,10,1,98.94697760173752,100000,1999,1.0920
PSO,F1_Sphere_D10,10,2,23.397471803628143,100000,1999,1.2340
PSO,F1_Sphere_D10,10,3,1.632064081284317,100000,1999,1.1778
PSO,F1_Sphere_D10,10,4,9.564387123226355,100000,1999,1.1283
PSO,F1_Sphere_D10,10,5,0.9892043026439412,100000,1999,1.1706
PSO,F1_Sphere_D10,10,6,17.60296146103554,100000,1999,1.1199
PSO,F1_Sphere_D10,10,7,10.521563125273836,100000,1999,1.1220
PSO,F1_Sphere_D10,10,8,32.19636978378074,100000,1999,1.1121
PSO,F1_Sphere_D10,10,9,5.287530632735975,100000,1999,1.1151
PSO,F1_Sphere_D10,10,10,47.45789913629443,100000,1999,1.3030
PSO,F1_Sphere_D10,10,11,0.08955729879035458,100000,1999,1.2082
PSO,F1_Sphere_D10,10,12,2.590004023656151,100000,1999,1.1459
PSO,F1_Sphere_D10,10,13,0.36531657300440495,100000,1999,1.1628
PSO,F1_Sphere_D10,10,14,5.9739614754864725,100000,1999,1.2177
DE,F1_Sphere_D10,10,0,14662.132175784946,100000,1999,1.6669
DE,F1_Sphere_D10,10,1,7808.490296645088,100000,1999,1.9907
DE,F1_Sphere_D10,10,2,7349.397997004754,100000,1999,1.5786
DE,F1_Sphere_D10,10,3,9945.72707748862,100000,1999,1.7038
DE,F1_Sphere_D10,10,4,19167.694761908653,100000,1999,1.7167
DE,F1_Sphere_D10,10,5,5129.345642882639,100000,1999,1.5767
DE,F1_Sphere_D10,10,6,8480.115650865766,100000,1999,1.5973
DE,F1_Sphere_D10,10,7,4566.7274832596795,100000,1999,1.5291
DE,F1_Sphere_D10,10,8,12517.967096208224,100000,1999,1.6439
DE,F1_Sphere_D10,10,9,14794.769788385907,100000,1999,1.6370
DE,F1_Sphere_D10,10,10,13190.166105584914,100000,1999,1.5297
DE,F1_Sphere_D10,10,11,6704.214829115519,100000,1999,1.6450
DE,F1_Sphere_D10,10,12,11995.620211677347,100000,1999,1.5269
DE,F1_Sphere_D10,10,13,9245.847742892467,100000,1999,1.6042
DE,F1_Sphere_D10,10,14,9191.587328005213,100000,1999,1.5178
GA,F1_Sphere_D10,10,0,6939.547881979788,100034,2083,2.5828
GA,F1_Sphere_D10,10,1,15363.246760946005,100034,2083,2.5668
GA,F1_Sphere_D10,10,2,17594.441489968412,100034,2083,2.3609
GA,F1_Sphere_D10,10,3,23129.76325062108,100034,2083,2.3573
GA,F1_Sphere_D10,10,4,18107.425656232408,100034,2083,2.4674
GA,F1_Sphere_D10,10,5,18033.218102281913,100034,2083,2.3593
GA,F1_Sphere_D10,10,6,9704.32403752417,100034,2083,2.3405
GA,F1_Sphere_D10,10,7,14475.540100221475,100034,2083,2.4353
GA,F1_Sphere_D10,10,8,12517.967096208224,100034,2083,2.4747
GA,F1_Sphere_D10,10,9,8938.438401499501,100034,2083,3.0002
GA,F1_Sphere_D10,10,10,13190.166105584914,100034,2083,2.4537
GA,F1_Sphere_D10,10,11,6704.214829115519,100034,2083,2.4232
GA,F1_Sphere_D10,10,12,12330.325027344443,100034,2083,2.8535
GA,F1_Sphere_D10,10,13,16341.32350180427,100034,2083,2.4100
GA,F1_Sphere_D10,10,14,9191.587328005213,100034,2083,2.3447
RCOA,F3_Zakharov_D10,10,0,9.658351926716621e-09,100019,4400,1.8231
RCOA,F3_Zakharov_D10,10,1,9.658351926716621e-09,100018,4400,1.7477
RCOA,F3_Zakharov_D10,10,2,9.658351926716621e-09,100019,4400,1.8643
RCOA,F3_Zakharov_D10,10,3,9.658351926716621e-09,100019,4400,1.7345
RCOA,F3_Zakharov_D10,10,4,9.658351926716621e-09,100018,4400,1.8476
RCOA,F3_Zakharov_D10,10,5,9.658351926716621e-09,100018,4400,1.7572
RCOA,F3_Zakharov_D10,10,6,9.658351926716621e-09,100019,4400,1.7216
RCOA,F3_Zakharov_D10,10,7,9.658351926716621e-09,100018,4400,1.7834
RCOA,F3_Zakharov_D10,10,8,9.658351926716621e-09,100018,4400,1.8063
RCOA,F3_Zakharov_D10,10,9,9.658351926716621e-09,100018,4400,1.7343
RCOA,F3_Zakharov_D10,10,10,9.658351926716621e-09,100019,4400,1.7163
RCOA,F3_Zakharov_D10,10,11,9.658351926716621e-09,100018,4400,1.7122
RCOA,F3_Zakharov_D10,10,12,9.658351926716621e-09,100018,4400,1.7763
RCOA,F3_Zakharov_D10,10,13,9.658351926716621e-09,100019,4400,1.8967
RCOA,F3_Zakharov_D10,10,14,9.658351926716621e-09,100018,4400,1.7299
PSO,F3_Zakharov_D10,10,0,1183.2052871859112,100000,1999,1.3410
PSO,F3_Zakharov_D10,10,1,11964.900467035617,100000,1999,1.4120
PSO,F3_Zakharov_D10,10,2,12133.16935621886,100000,1999,1.3561
PSO,F3_Zakharov_D10,10,3,4256.833263242253,100000,1999,1.3808
PSO,F3_Zakharov_D10,10,4,14115.071147008264,100000,1999,1.3542
PSO,F3_Zakharov_D10,10,5,10542.14126149721,100000,1999,1.4074
PSO,F3_Zakharov_D10,10,6,3901.0938545492445,100000,1999,1.4483
PSO,F3_Zakharov_D10,10,7,4200.001520452265,100000,1999,1.3552
PSO,F3_Zakharov_D10,10,8,3446.2511099703493,100000,1999,1.3479
PSO,F3_Zakharov_D10,10,9,22752.790158213134,100000,1999,1.3425
PSO,F3_Zakharov_D10,10,10,2755.676566643918,100000,1999,1.3447
PSO,F3_Zakharov_D10,10,11,5936.1097887647265,100000,1999,1.4600
PSO,F3_Zakharov_D10,10,12,6447.215165544698,100000,1999,1.3854
PSO,F3_Zakharov_D10,10,13,8478.611820873442,100000,1999,1.3488
PSO,F3_Zakharov_D10,10,14,12266.919632915067,100000,1999,1.3485
DE,F3_Zakharov_D10,10,0,39174.622723433386,100000,1999,1.7491
DE,F3_Zakharov_D10,10,1,40238.58876275144,100000,1999,1.8382
DE,F3_Zakharov_D10,10,2,42084.61028653177,100000,1999,1.7602
DE,F3_Zakharov_D10,10,3,85574.15888120249,100000,1999,1.9029
DE,F3_Zakharov_D10,10,4,144166.59370689228,100000,1999,1.7645
DE,F3_Zakharov_D10,10,5,63397.90755685847,100000,1999,1.8195
DE,F3_Zakharov_D10,10,6,38464.27084221602,100000,1999,1.7643
DE,F3_Zakharov_D10,10,7,37132.32145482149,100000,1999,1.7737
DE,F3_Zakharov_D10,10,8,67729.40689876181,100000,1999,1.7668
DE,F3_Zakharov_D10,10,9,108046.44605693144,100000,1999,1.8983
DE,F3_Zakharov_D10,10,10,38734.340163365756,100000,1999,1.7786
DE,F3_Zakharov_D10,10,11,69682.3826052215,100000,1999,1.7951
DE,F3_Zakharov_D10,10,12,48186.68026118379,100000,1999,1.8106
DE,F3_Zakharov_D10,10,13,74720.86087715988,100000,1999,1.7467
DE,F3_Zakharov_D10,10,14,57575.64166633956,100000,1999,1.7856
GA,F3_Zakharov_D10,10,0,49617.72484843429,100034,2083,2.6389
GA,F3_Zakharov_D10,10,1,103702.49816781025,100034,2083,2.5785
GA,F3_Zakharov_D10,10,2,77861.946379771,100034,2083,2.7192
GA,F3_Zakharov_D10,10,3,85574.15888120249,100034,2083,2.8500
GA,F3_Zakharov_D10,10,4,180068.7224548145,100034,2083,2.5980
GA,F3_Zakharov_D10,10,5,117733.15262376292,100034,2083,2.7304
GA,F3_Zakharov_D10,10,6,405223.5712727819,100034,2083,2.5658
GA,F3_Zakharov_D10,10,7,4211835.1127787735,100034,2083,2.6625
GA,F3_Zakharov_D10,10,8,78656.4129718935,100034,2083,2.6508
GA,F3_Zakharov_D10,10,9,458699.42427778547,100034,2083,2.5862
GA,F3_Zakharov_D10,10,10,310255.8107592731,100034,2083,2.5470
GA,F3_Zakharov_D10,10,11,69682.3826052215,100034,2083,2.6863
GA,F3_Zakharov_D10,10,12,48186.68026118379,100034,2083,2.5783
GA,F3_Zakharov_D10,10,13,74720.86087715988,100034,2083,2.5735
GA,F3_Zakharov_D10,10,14,57575.64166633956,100034,2083,2.7181
RCOA,F5_Rastrigin_D10,10,0,3.0381051654035263e-06,100008,2394,1.2545
RCOA,F5_Rastrigin_D10,10,1,3.0381051654035263e-06,100024,2394,1.2426
RCOA,F5_Rastrigin_D10,10,2,3.0381051654035263e-06,100019,2394,1.2272
RCOA,F5_Rastrigin_D10,10,3,3.0381051654035263e-06,100022,2394,1.2994
RCOA,F5_Rastrigin_D10,10,4,5.210852661058831e-07,100017,2575,1.2706
RCOA,F5_Rastrigin_D10,10,5,3.0381051654035263e-06,100003,2394,1.2221
RCOA,F5_Rastrigin_D10,10,6,5.107670865166841e-07,100016,2577,1.2647
RCOA,F5_Rastrigin_D10,10,7,3.0381051654035263e-06,100012,2394,1.2834
RCOA,F5_Rastrigin_D10,10,8,1.6885977180049007e-05,100033,2218,1.2842
RCOA,F5_Rastrigin_D10,10,9,1.6885977180049007e-05,100033,2218,1.2294
RCOA,F5_Rastrigin_D10,10,10,5.107670865166841e-07,100004,2577,1.3432
RCOA,F5_Rastrigin_D10,10,11,5.210852661058831e-07,100023,2575,1.3203
RCOA,F5_Rastrigin_D10,10,12,3.0381051654035263e-06,100019,2394,1.2146
RCOA,F5_Rastrigin_D10,10,13,1.6885977180049007e-05,100003,2218,1.3314
RCOA,F5_Rastrigin_D10,10,14,3.0381051654035263e-06,100009,2394,1.2189
PSO,F5_Rastrigin_D10,10,0,148.66900862976667,100000,1999,1.2598
PSO,F5_Rastrigin_D10,10,1,1407.0599661170947,100000,1999,1.2298
PSO,F5_Rastrigin_D10,10,2,48.38772104027072,100000,1999,1.2312
PSO,F5_Rastrigin_D10,10,3,114.98941297642449,100000,1999,1.2514
PSO,F5_Rastrigin_D10,10,4,1446.7483967628907,100000,1999,1.2911
PSO,F5_Rastrigin_D10,10,5,97.95897823789821,100000,1999,1.2371
PSO,F5_Rastrigin_D10,10,6,39.87306615076503,100000,1999,1.2319
PSO,F5_Rastrigin_D10,10,7,102.71417220534953,100000,1999,1.2278
PSO,F5_Rastrigin_D10,10,8,150.98618337940388,100000,1999,1.3780
PSO,F5_Rastrigin_D10,10,9,76.27097185416196,100000,1999,1.2946
PSO,F5_Rastrigin_D10,10,10,61.08552337431847,100000,1999,1.2656
PSO,F5_Rastrigin_D10,10,11,113.56779815706034,100000,1999,1.2208
PSO,F5_Rastrigin_D10,10,12,75.08090833280465,100000,1999,1.2383
PSO,F5_Rastrigin_D10,10,13,309.68893658371417,100000,1999,1.5897
PSO,F5_Rastrigin_D10,10,14,122.50001435449212,100000,1999,1.2701
DE,F5_Rastrigin_D10,10,0,26975.675582143296,100000,1999,1.7651
DE,F5_Rastrigin_D10,10,1,19882.206476320654,100000,1999,1.6483
DE,F5_Rastrigin_D10,10,2,21566.014831935026,100000,1999,1.6622
DE,F5_Rastrigin_D10,10,3,24749.18661490041,100000,1999,1.6411
DE,F5_Rastrigin_D10,10,4,19100.659533248432,100000,1999,1.7236
DE,F5_Rastrigin_D10,10,5,25256.889756392273,100000,1999,1.6351
DE,F5_Rastrigin_D10,10,6,11290.66319145105,100000,1999,1.7009
DE,F5_Rastrigin_D10,10,7,17036.97930735494,100000,1999,1.6439
DE,F5_Rastrigin_D10,10,8,5963.21398819354,100000,1999,1.7577
DE,F5_Rastrigin_D10,10,9,17067.82662785421,100000,1999,1.6279
DE,F5_Rastrigin_D10,10,10,13571.710753236857,100000,1999,1.6449
DE,F5_Rastrigin_D10,10,11,17359.89697887069,100000,1999,1.6952
DE,F5_Rastrigin_D10,10,12,4738.845348447394,100000,1999,1.8002
DE,F5_Rastrigin_D10,10,13,6541.247753303136,100000,1999,1.6462
DE,F5_Rastrigin_D10,10,14,20597.860561230893,100000,1999,1.6432
GA,F5_Rastrigin_D10,10,0,29364.136077088187,100034,2083,1.3538
GA,F5_Rastrigin_D10,10,1,26768.36222312526,100034,2083,1.3298
GA,F5_Rastrigin_D10,10,2,21566.014831935026,100034,2083,1.3998
GA,F5_Rastrigin_D10,10,3,29613.24455296057,100034,2083,1.3281
GA,F5_Rastrigin_D10,10,4,19100.659533248432,100034,2083,1.4085
GA,F5_Rastrigin_D10,10,5,28804.225865600125,100034,2083,1.3495
GA,F5_Rastrigin_D10,10,6,11290.66319145105,100034,2083,1.3580
GA,F5_Rastrigin_D10,10,7,17036.97930735494,100034,2083,1.4137
GA,F5_Rastrigin_D10,10,8,8657.413769557064,100034,2083,1.3453
GA,F5_Rastrigin_D10,10,9,17067.82662785421,100034,2083,1.3298
GA,F5_Rastrigin_D10,10,10,13571.710753236857,100034,2083,1.3375
GA,F5_Rastrigin_D10,10,11,17359.89697887069,100034,2083,1.3336
GA,F5_Rastrigin_D10,10,12,4738.845348447394,100034,2083,1.5068
GA,F5_Rastrigin_D10,10,13,6541.247753303136,100034,2083,1.3336
GA,F5_Rastrigin_D10,10,14,20597.860561230893,100034,2083,1.3519
RCOA,F9_Levy_D10,10,0,1.6713110420103196e-14,100022,4134,1.9335
RCOA,F9_Levy_D10,10,1,1.2982886378694197e-15,100016,4394,2.0925
RCOA,F9_Levy_D10,10,2,3.300180916840645e-13,100017,3826,2.1088
RCOA,F9_Levy_D10,10,3,1.3013836919177477e-15,100007,4395,2.0514
RCOA,F9_Levy_D10,10,4,1.2636172016302536e-15,100008,4395,2.0478
RCOA,F9_Levy_D10,10,5,9.924997566800222e-14,100007,3950,2.0040
RCOA,F9_Levy_D10,10,6,2.3840775232449413e-14,100017,4095,2.1337
RCOA,F9_Levy_D10,10,7,1.2151896188542107e-15,100022,4396,2.0479
RCOA,F9_Levy_D10,10,8,1.2473820122363936e-15,100002,4394,2.0710
RCOA,F9_Levy_D10,10,9,1.6543451020315833e-14,100001,4133,1.9271
RCOA,F9_Levy_D10,10,10,6.256054229024902e-14,100022,3996,1.9115
RCOA,F9_Levy_D10,10,11,9.406428232278511e-14,100017,3956,2.0105
RCOA,F9_Levy_D10,10,12,1.19485097157096e-15,100010,4396,2.0246
RCOA,F9_Levy_D10,10,13,8.954444229338271e-14,100009,3960,1.9198
RCOA,F9_Levy_D10,10,14,1.1909636631070546e-15,100017,4396,2.0602
PSO,F9_Levy_D10,10,0,140.65602843928298,100000,1999,1.6257
PSO,F9_Levy_D10,10,1,11.263765808277295,100000,1999,1.6088
PSO,F9_Levy_D10,10,2,53.67174057149452,100000,1999,1.6270
PSO,F9_Levy_D10,10,3,126.82304890899113,100000,1999,1.6793
PSO,F9_Levy_D10,10,4,5.558896878239586,100000,1999,1.7049
PSO,F9_Levy_D10,10,5,7.28193430926481,100000,1999,1.6201
PSO,F9_Levy_D10,10,6,38.207871241738914,100000,1999,1.6017
PSO,F9_Levy_D10,10,7,35.19270990323254,100000,1999,1.6005
PSO,F9_Levy_D10,10,8,15.13595904050615,100000,1999,1.6790
PSO,F9_Levy_D10,10,9,4.887851801158749,100000,1999,1.7134
PSO,F9_Levy_D10,10,10,243.42049322941978,100000,1999,1.6668
PSO,F9_Levy_D10,10,11,20.662133547200852,100000,1999,1.6548
PSO,F9_Levy_D10,10,12,50.83869202263689,100000,1999,1.6908
PSO,F9_Levy_D10,10,13,187.75863812956632,100000,1999,1.6099
PSO,F9_Levy_D10,10,14,23.07496730331763,100000,1999,1.6103
DE,F9_Levy_D10,10,0,1566.6723082154665,100000,1999,2.2263
DE,F9_Levy_D10,10,1,3808.9118699428536,100000,1999,2.0883
DE,F9_Levy_D10,10,2,3777.3960214789,100000,1999,2.1948
DE,F9_Levy_D10,10,3,1430.3670602375437,100000,1999,2.0460
DE,F9_Levy_D10,10,4,4883.762778575774,100000,1999,2.0343
DE,F9_Levy_D10,10,5,3185.242225980625,100000,1999,2.3178
DE,F9_Levy_D10,10,6,2334.817485739711,100000,1999,2.0690
DE,F9_Levy_D10,10,7,3896.2474072336136,100000,1999,2.1825
DE,F9_Levy_D10,10,8,3320.2558314915877,100000,1999,2.1612
DE,F9_Levy_D10,10,9,3271.6923391641612,100000,1999,2.1420
DE,F9_Levy_D10,10,10,3499.4526948545426,100000,1999,2.0698
DE,F9_Levy_D10,10,11,2262.592766019605,100000,1999,2.1936
DE,F9_Levy_D10,10,12,3830.5122233972456,100000,1999,2.0585
DE,F9_Levy_D10,10,13,2349.02723679721,100000,1999,2.0466
DE,F9_Levy_D10,10,14,1358.4460725144745,100000,1999,2.2046
GA,F9_Levy_D10,10,0,3755.3305162333977,100034,2083,2.9023
GA,F9_Levy_D10,10,1,4329.020044883447,100034,2083,2.8704
GA,F9_Levy_D10,10,2,3777.3960214789,100034,2083,3.0941
GA,F9_Levy_D10,10,3,1430.3670602375437,100034,2083,2.9570
GA,F9_Levy_D10,10,4,4883.762778575774,100034,2083,2.9628
GA,F9_Levy_D10,10,5,3474.763011321455,100034,2083,2.8803
GA,F9_Levy_D10,10,6,2334.817485739711,100034,2083,2.9651
GA,F9_Levy_D10,10,7,3896.2474072336136,100034,2083,3.0246
GA,F9_Levy_D10,10,8,3320.2558314915877,100034,2083,2.8792
GA,F9_Levy_D10,10,9,3271.6923391641612,100034,2083,2.9670
GA,F9_Levy_D10,10,10,3499.4526948545426,100034,2083,2.8851
GA,F9_Levy_D10,10,11,4969.098919851838,100034,2083,3.2261
GA,F9_Levy_D10,10,12,3830.5122233972456,100034,2083,2.8924
GA,F9_Levy_D10,10,13,2349.02723679721,100034,2083,3.0854
GA,F9_Levy_D10,10,14,2682.4353641731227,100034,2083,3.0535
RCOA,F12_Ackley_D10,10,0,1.485421674064831e-17,100003,4414,1.7170
RCOA,F12_Ackley_D10,10,1,1.485421607568883e-17,100004,4414,1.7085
RCOA,F12_Ackley_D10,10,2,1.485421674064831e-17,100003,4414,1.8412
RCOA,F12_Ackley_D10,10,3,1.485421607568883e-17,100003,4414,1.7096
RCOA,F12_Ackley_D10,10,4,1.485421674064831e-17,100002,4414,1.7037
RCOA,F12_Ackley_D10,10,5,1.485421607568883e-17,100003,4414,1.7176
RCOA,F12_Ackley_D10,10,6,1.4706414814552968e-17,100018,4415,1.8114
RCOA,F12_Ackley_D10,10,7,1.485421674064831e-17,100006,4414,1.7145
RCOA,F12_Ackley_D10,10,8,1.485421674064831e-17,100007,4414,1.8114
RCOA,F12_Ackley_D10,10,9,1.4706414814552968e-17,100014,4415,1.7481
RCOA,F12_Ackley_D10,10,10,1.485421674064831e-17,100003,4414,1.8427
RCOA,F12_Ackley_D10,10,11,1.485421607568883e-17,100017,4414,1.7241
RCOA,F12_Ackley_D10,10,12,1.485421674064831e-17,100003,4414,1.7320
RCOA,F12_Ackley_D10,10,13,1.485421674064831e-17,100017,4414,1.8177
RCOA,F12_Ackley_D10,10,14,1.485421607568883e-17,100005,4414,1.7848
PSO,F12_Ackley_D10,10,0,20.49892991458945,100000,1999,1.4005
PSO,F12_Ackley_D10,10,1,20.410966901118723,100000,1999,1.3365
PSO,F12_Ackley_D10,10,2,20.297728331739403,100000,1999,1.3510
PSO,F12_Ackley_D10,10,3,20.449262898513556,100000,1999,1.3350
PSO,F12_Ackley_D10,10,4,20.295217552609518,100000,1999,2.3612
PSO,F12_Ackley_D10,10,5,20.268706044723366,100000,1999,1.4067
PSO,F12_Ackley_D10,10,6,20.428819542214978,100000,1999,1.3541
PSO,F12_Ackley_D10,10,7,20.369688150273657,100000,1999,1.3529
PSO,F12_Ackley_D10,10,8,20.543740745225122,100000,1999,1.4164
PSO,F12_Ackley_D10,10,9,20.480203057047863,100000,1999,1.3239
PSO,F12_Ackley_D10,10,10,20.026410323162253,100000,1999,1.3239
PSO,F12_Ackley_D10,10,11,20.47926957427082,100000,1999,1.3232
PSO,F12_Ackley_D10,10,12,20.354463795446794,100000,1999,1.3996
PSO,F12_Ackley_D10,10,13,20.474415775887756,100000,1999,1.4036
PSO,F12_Ackley_D10,10,14,20.352519240953566,100000,1999,1.3382
DE,F12_Ackley_D10,10,0,21.10367286380821,100000,1999,1.8044
DE,F12_Ackley_D10,10,1,20.991790428640474,100000,1999,1.7683
DE,F12_Ackley_D10,10,2,21.125887555699222,100000,1999,1.9491
DE,F12_Ackley_D10,10,3,21.314296597313085,100000,1999,2.3989
DE,F12_Ackley_D10,10,4,21.279582439437917,100000,1999,1.8370
DE,F12_Ackley_D10,10,5,21.06568266994561,100000,1999,1.8083
DE,F12_Ackley_D10,10,6,20.935942256437258,100000,1999,1.9075
DE,F12_Ackley_D10,10,7,21.15944399450218,100000,1999,1.7897
DE,F12_Ackley_D10,10,8,20.961926512612912,100000,1999,1.9837
DE,F12_Ackley_D10,10,9,21.01932284458984,100000,1999,1.8256
DE,F12_Ackley_D10,10,10,20.908481993135535,100000,1999,1.9855
DE,F12_Ackley_D10,10,11,21.03650715134005,100000,1999,1.8402
DE,F12_Ackley_D10,10,12,21.211157340163055,100000,1999,1.8399
DE,F12_Ackley_D10,10,13,21.206111694360654,100000,1999,2.0309
DE,F12_Ackley_D10,10,14,21.23625383029766,100000,1999,1.8393
GA,F12_Ackley_D10,10,0,21.10367286380821,100034,2083,2.7261
GA,F12_Ackley_D10,10,1,21.049322631839058,100034,2083,2.6952
GA,F12_Ackley_D10,10,2,21.125887555699222,100034,2083,3.0243
GA,F12_Ackley_D10,10,3,21.314296597313085,100034,2083,2.6669
GA,F12_Ackley_D10,10,4,21.279582439437917,100034,2083,2.6498
GA,F12_Ackley_D10,10,5,21.06568266994561,100034,2083,2.5314
GA,F12_Ackley_D10,10,6,20.935942256437258,100034,2083,2.6309
GA,F12_Ackley_D10,10,7,21.15944399450218,100034,2083,2.6618
GA,F12_Ackley_D10,10,8,21.01094877370753,100034,2083,2.5412
GA,F12_Ackley_D10,10,9,21.01932284458984,100034,2083,2.5858
GA,F12_Ackley_D10,10,10,21.099937379886217,100034,2083,2.5988
GA,F12_Ackley_D10,10,11,21.03650715134005,100034,2083,2.5509
GA,F12_Ackley_D10,10,12,21.27790003620585,100034,2083,2.5900
GA,F12_Ackley_D10,10,13,21.206111694360654,100034,2083,2.5531
GA,F12_Ackley_D10,10,14,21.23625383029766,100034,2083,2.7819
RCOA,F14_HappyCat_D10,10,0,1.4045217580749469e-07,100007,2388,1.3500
RCOA,F14_HappyCat_D10,10,1,1.4045217580749469e-07,100007,2388,1.2245
RCOA,F14_HappyCat_D10,10,2,1.4045217580749469e-07,100007,2388,1.1899
RCOA,F14_HappyCat_D10,10,3,1.4045217580749469e-07,100007,2388,1.2175
RCOA,F14_HappyCat_D10,10,4,1.4045217580749469e-07,100007,2388,1.2478
RCOA,F14_HappyCat_D10,10,5,1.4045217580749469e-07,100007,2388,1.1835
RCOA,F14_HappyCat_D10,10,6,1.4045217580749469e-07,100007,2388,1.2815
RCOA,F14_HappyCat_D10,10,7,1.4045217580749469e-07,100007,2388,1.1877
RCOA,F14_HappyCat_D10,10,8,1.4045217580749469e-07,100007,2388,1.2039
RCOA,F14_HappyCat_D10,10,9,1.4045217580749469e-07,100007,2388,1.2910
RCOA,F14_HappyCat_D10,10,10,1.4045217580749469e-07,100007,2388,1.4307
RCOA,F14_HappyCat_D10,10,11,1.4045217580749469e-07,100007,2388,1.1972
RCOA,F14_HappyCat_D10,10,12,1.4045217580749469e-07,100007,2388,1.1995
RCOA,F14_HappyCat_D10,10,13,1.4045217580749469e-07,100007,2388,1.1845
RCOA,F14_HappyCat_D10,10,14,1.4045217580749469e-07,100007,2388,1.2776
PSO,F14_HappyCat_D10,10,0,27.982921209040235,100000,1999,1.2837
PSO,F14_HappyCat_D10,10,1,0.5125870326491447,100000,1999,1.5035
PSO,F14_HappyCat_D10,10,2,12.879721030211623,100000,1999,1.2928
PSO,F14_HappyCat_D10,10,3,30.49795795850914,100000,1999,1.2772
PSO,F14_HappyCat_D10,10,4,114.87601794880935,100000,1999,1.2523
PSO,F14_HappyCat_D10,10,5,35.08124108570253,100000,1999,1.2614
PSO,F14_HappyCat_D10,10,6,30.88704188009156,100000,1999,1.3737
PSO,F14_HappyCat_D10,10,7,27.96304221636876,100000,1999,1.3033
PSO,F14_HappyCat_D10,10,8,0.1169003075126106,100000,1999,1.2535
PSO,F14_HappyCat_D10,10,9,31.696075493002912,100000,1999,1.2659
PSO,F14_HappyCat_D10,10,10,54.97169924892417,100000,1999,1.2556
PSO,F14_HappyCat_D10,10,11,46.75464414825747,100000,1999,1.3203
PSO,F14_HappyCat_D10,10,12,1.588244366462538,100000,1999,1.2539
PSO,F14_HappyCat_D10,10,13,47.990071942934776,100000,1999,1.2457
PSO,F14_HappyCat_D10,10,14,28.39180417783666,100000,1999,1.2499
DE,F14_HappyCat_D10,10,0,1491.0356927281866,100000,1999,1.8364
DE,F14_HappyCat_D10,10,1,726.1201892792175,100000,1999,1.8151
DE,F14_HappyCat_D10,10,2,1088.1858779583358,100000,1999,1.6726
DE,F14_HappyCat_D10,10,3,639.3403848193707,100000,1999,1.9852
DE,F14_HappyCat_D10,10,4,915.498154001527,100000,1999,1.6711
DE,F14_HappyCat_D10,10,5,870.9300538618138,100000,1999,1.8982
DE,F14_HappyCat_D10,10,6,693.4151686034834,100000,1999,1.6880
DE,F14_HappyCat_D10,10,7,809.738808161525,100000,1999,1.6804
DE,F14_HappyCat_D10,10,8,635.447062906556,100000,1999,1.6651
DE,F14_HappyCat_D10,10,9,785.0287947141927,100000,1999,1.7288
DE,F14_HappyCat_D10,10,10,306.53370621500295,100000,1999,1.6613
DE,F14_HappyCat_D10,10,11,1095.7015359166248,100000,1999,1.8806
DE,F14_HappyCat_D10,10,12,1241.5213583217972,100000,1999,1.6849
DE,F14_HappyCat_D10,10,13,1074.9433050911346,100000,1999,1.8697
DE,F14_HappyCat_D10,10,14,1119.6451180637162,100000,1999,1.7207
GA,F14_HappyCat_D10,10,0,1491.0356927281866,100034,2083,1.4435
GA,F14_HappyCat_D10,10,1,726.1201892792175,100034,2083,1.3931
GA,F14_HappyCat_D10,10,2,1088.1858779583358,100034,2083,1.7299
GA,F14_HappyCat_D10,10,3,1331.3937464501196,100034,2083,1.3701
GA,F14_HappyCat_D10,10,4,766.0082588937488,100034,2083,1.4069
GA,F14_HappyCat_D10,10,5,870.9300538618138,100034,2083,1.4390
GA,F14_HappyCat_D10,10,6,693.4151686034834,100034,2083,1.3732
GA,F14_HappyCat_D10,10,7,809.738808161525,100034,2083,1.4962
GA,F14_HappyCat_D10,10,8,614.7095668493157,100034,2083,1.3718
GA,F14_HappyCat_D10,10,9,785.0287947141927,100034,2083,1.4645
GA,F14_HappyCat_D10,10,10,306.53370621500295,100034,2083,1.3794
GA,F14_HappyCat_D10,10,11,1095.7015359166248,100034,2083,1.3985
GA,F14_HappyCat_D10,10,12,1241.5213583217972,100034,2083,1.4898
GA,F14_HappyCat_D10,10,13,1074.9433050911346,100034,2083,1.3912
GA,F14_HappyCat_D10,10,14,1113.376760706221,100034,2083,1.3705
RCOA,F18_Hybrid 1_D10,10,0,6.948231604810419e-12,100013,4398,2.3699
RCOA,F18_Hybrid 1_D10,10,1,1.796581062595772e-11,100010,4243,2.4623
RCOA,F18_Hybrid 1_D10,10,2,1.6163412216192536e-11,100010,4243,2.2599
RCOA,F18_Hybrid 1_D10,10,3,6.569730364345023e-12,100016,4398,2.1322
RCOA,F18_Hybrid 1_D10,10,4,3.90111340760137e-11,100006,4242,2.1644
RCOA,F18_Hybrid 1_D10,10,5,6.789925622553967e-12,100000,4409,2.2099
RCOA,F18_Hybrid 1_D10,10,6,2.3847284928207366e-11,100015,4282,2.1837
RCOA,F18_Hybrid 1_D10,10,7,4.861536513360285e-11,100019,4136,2.2354
RCOA,F18_Hybrid 1_D10,10,8,8.169439538788711e-12,100015,4399,2.1487
RCOA,F18_Hybrid 1_D10,10,9,5.030434928847598e-12,100017,4397,2.1958
RCOA,F18_Hybrid 1_D10,10,10,6.656038334843272e-12,100016,4399,2.1482
RCOA,F18_Hybrid 1_D10,10,11,4.821708869907786e-12,100007,4398,2.2339
RCOA,F18_Hybrid 1_D10,10,12,5.32341047326559e-12,100009,4398,2.1408
RCOA,F18_Hybrid 1_D10,10,13,1.4874807851884612e-11,100003,4282,2.1084
RCOA,F18_Hybrid 1_D10,10,14,3.622596598925236e-12,100003,4396,2.4522
PSO,F18_Hybrid 1_D10,10,0,16.739099002707476,100000,1999,1.7919
PSO,F18_Hybrid 1_D10,10,1,0.9949601070699224,100000,1999,1.7903
PSO,F18_Hybrid 1_D10,10,2,5.5277317178711185e-08,100000,1999,1.8708
PSO,F18_Hybrid 1_D10,10,3,2.882453999179537e-06,100000,1999,1.7964
PSO,F18_Hybrid 1_D10,10,4,1.9899575328799848,100000,1999,1.9183
PSO,F18_Hybrid 1_D10,10,5,0.9949829663893036,100000,1999,1.8545
PSO,F18_Hybrid 1_D10,10,6,1.9899185561375614,100000,1999,1.8893
PSO,F18_Hybrid 1_D10,10,7,0.9949752607044023,100000,1999,1.7650
PSO,F18_Hybrid 1_D10,10,8,2.9848771855959404,100000,1999,1.7566
PSO,F18_Hybrid 1_D10,10,9,1.989918791007317,100000,1999,1.7805
PSO,F18_Hybrid 1_D10,10,10,0.9949591133845948,100000,1999,1.9793
PSO,F18_Hybrid 1_D10,10,11,2.0246549551508237,100000,1999,1.8170
PSO,F18_Hybrid 1_D10,10,12,0.9995824116796264,100000,1999,1.7788
PSO,F18_Hybrid 1_D10,10,13,1.6467867301491508e-06,100000,1999,1.8161
PSO,F18_Hybrid 1_D10,10,14,8.108070485912499e-07,100000,1999,1.7607
DE,F18_Hybrid 1_D10,10,0,2.802553328564167e-30,100000,1999,2.2494
DE,F18_Hybrid 1_D10,10,1,8.564405994531439e-95,100000,1999,2.2098
DE,F18_Hybrid 1_D10,10,2,1.1430681147885433e-135,100000,1999,2.2536
DE,F18_Hybrid 1_D10,10,3,2.831459234705897e-143,100000,1999,2.1955
DE,F18_Hybrid 1_D10,10,4,4.485791884766325e-127,100000,1999,2.1822
DE,F18_Hybrid 1_D10,10,5,1.688159021514723e-160,100000,1999,2.3299
DE,F18_Hybrid 1_D10,10,6,2.8439463412930744e-126,100000,1999,2.2485
DE,F18_Hybrid 1_D10,10,7,8.917475939229674e-138,100000,1999,2.2226
DE,F18_Hybrid 1_D10,10,8,2.2654102661906007e-142,100000,1999,2.3012
DE,F18_Hybrid 1_D10,10,9,1.9619515753015643e-123,100000,1999,2.3174
DE,F18_Hybrid 1_D10,10,10,3.2053677842429184e-60,100000,1999,2.2242
DE,F18_Hybrid 1_D10,10,11,1.4877734589385471e-111,100000,1999,2.3163
DE,F18_Hybrid 1_D10,10,12,1.5740606804619229e-96,100000,1999,2.1953
DE,F18_Hybrid 1_D10,10,13,3.308320341932157e-152,100000,1999,2.4353
DE,F18_Hybrid 1_D10,10,14,2.7904376032392546e-132,100000,1999,2.7387
GA,F18_Hybrid 1_D10,10,0,27.264716533042236,100034,2083,3.0695
GA,F18_Hybrid 1_D10,10,1,22.48436611165864,100034,2083,2.9547
GA,F18_Hybrid 1_D10,10,2,27.890672822552602,100034,2083,3.3428
GA,F18_Hybrid 1_D10,10,3,7.026515687404588,100034,2083,3.1459
GA,F18_Hybrid 1_D10,10,4,2.2655184686213654,100034,2083,3.0394
GA,F18_Hybrid 1_D10,10,5,6.527681575548994,100034,2083,2.9861
GA,F18_Hybrid 1_D10,10,6,0.8435890638129164,100034,2083,3.0121
GA,F18_Hybrid 1_D10,10,7,2.7690941199131487,100034,2083,2.9464
GA,F18_Hybrid 1_D10,10,8,11.809337391840849,100034,2083,3.1213
GA,F18_Hybrid 1_D10,10,9,0.23865592127905613,100034,2083,2.9821
GA,F18_Hybrid 1_D10,10,10,33.40941622653066,100034,2083,2.9250
GA,F18_Hybrid 1_D10,10,11,12.527573877274646,100034,2083,2.9908
GA,F18_Hybrid 1_D10,10,12,4.176284929449366,100034,2083,3.0523
GA,F18_Hybrid 1_D10,10,13,3.8590350484144635,100034,2083,3.0102
GA,F18_Hybrid 1_D10,10,14,0.4395055254933453,100034,2083,2.9157
RCOA,F21_Composition 1_D10,10,0,7.83787940367596e-15,100008,4394,3.6519
RCOA,F21_Composition 1_D10,10,1,3.664931404876419e-14,100013,4230,3.5388
RCOA,F21_Composition 1_D10,10,2,7.99045508691569e-15,100007,4391,3.5946
RCOA,F21_Composition 1_D10,10,3,3.95737451703699e-14,100011,4224,3.8026
RCOA,F21_Composition 1_D10,10,4,7.45454049254969e-15,100023,4391,3.7917
RCOA,F21_Composition 1_D10,10,5,8.917300349585998e-15,100005,4382,3.6289
RCOA,F21_Composition 1_D10,10,6,2.076331671700987e-13,100007,4052,3.6468
RCOA,F21_Composition 1_D10,10,7,3.6443097685350457e-14,100009,4232,3.6226
RCOA,F21_Composition 1_D10,10,8,3.876361970049634e-14,100010,4230,3.7271
RCOA,F21_Composition 1_D10,10,9,3.6447833541179367e-14,100013,4230,3.5828
RCOA,F21_Composition 1_D10,10,10,8.684459184940103e-15,100003,4386,3.6006
RCOA,F21_Composition 1_D10,10,11,7.119425109233386e-15,100001,4396,3.6912
RCOA,F21_Composition 1_D10,10,12,3.975893067209118e-14,100019,4223,3.6375
RCOA,F21_Composition 1_D10,10,13,9.706875868954301e-15,100006,4369,3.6926
RCOA,F21_Composition 1_D10,10,14,4.2070325179475394e-14,100006,4219,3.9459
PSO,F21_Composition 1_D10,10,0,218.77477466970666,100000,1999,3.3136
PSO,F21_Composition 1_D10,10,1,250.59433379297715,100000,1999,3.3271
PSO,F21_Composition 1_D10,10,2,293.174447455525,100000,1999,3.1744
PSO,F21_Composition 1_D10,10,3,246.06904421421527,100000,1999,3.2727
PSO,F21_Composition 1_D10,10,4,2314.2690914222853,100000,1999,3.3032
PSO,F21_Composition 1_D10,10,5,302.25762523307213,100000,1999,3.2883
PSO,F21_Composition 1_D10,10,6,3108.021164380816,100000,1999,3.1975
PSO,F21_Composition 1_D10,10,7,236.94803084714678,100000,1999,3.2404
PSO,F21_Composition 1_D10,10,8,312.8540900599037,100000,1999,3.3141
PSO,F21_Composition 1_D10,10,9,329.2185996528347,100000,1999,3.2096
PSO,F21_Composition 1_D10,10,10,270.9600167122648,100000,1999,3.3149
PSO,F21_Composition 1_D10,10,11,418.80350893287846,100000,1999,3.3215
PSO,F21_Composition 1_D10,10,12,383.26876315883516,100000,1999,3.3155
PSO,F21_Composition 1_D10,10,13,300.0062643846786,100000,1999,3.2106
PSO,F21_Composition 1_D10,10,14,251.1301581996816,100000,1999,3.3866
DE,F21_Composition 1_D10,10,0,1277.9033592570456,100000,1999,3.6119
DE,F21_Composition 1_D10,10,1,16723.56982545664,100000,1999,3.7626
DE,F21_Composition 1_D10,10,2,10649.577647222619,100000,1999,3.6737
DE,F21_Composition 1_D10,10,3,16166.18934683869,100000,1999,3.6682
DE,F21_Composition 1_D10,10,4,11857.444514085437,100000,1999,3.6639
DE,F21_Composition 1_D10,10,5,24244.32347077893,100000,1999,3.7221
DE,F21_Composition 1_D10,10,6,14210.907657960966,100000,1999,3.6070
DE,F21_Composition 1_D10,10,7,8750.96295280312,100000,1999,3.9380
DE,F21_Composition 1_D10,10,8,5988.626530489672,100000,1999,3.6418
DE,F21_Composition 1_D10,10,9,7975.452786878876,100000,1999,3.7362
DE,F21_Composition 1_D10,10,10,9621.271296783878,100000,1999,3.6957
DE,F21_Composition 1_D10,10,11,27761.808662508756,100000,1999,3.7157
DE,F21_Composition 1_D10,10,12,12489.917153982053,100000,1999,4.0038
DE,F21_Composition 1_D10,10,13,20417.04565051724,100000,1999,3.8131
DE,F21_Composition 1_D10,10,14,17424.793657127684,100000,1999,3.6619
GA,F21_Composition 1_D10,10,0,1277.9033592570456,100034,2083,4.5646
GA,F21_Composition 1_D10,10,1,16723.56982545664,100034,2083,4.4847
GA,F21_Composition 1_D10,10,2,10649.577647222619,100034,2083,4.5364
GA,F21_Composition 1_D10,10,3,16634.083324546482,100034,2083,4.4503
GA,F21_Composition 1_D10,10,4,11857.444514085437,100034,2083,4.5218
GA,F21_Composition 1_D10,10,5,24244.32347077893,100034,2083,4.4281
GA,F21_Composition 1_D10,10,6,14008.776339119879,100034,2083,4.8219
GA,F21_Composition 1_D10,10,7,8750.96295280312,100034,2083,4.5142
GA,F21_Composition 1_D10,10,8,9943.993512138813,100034,2083,4.4320
GA,F21_Composition 1_D10,10,9,7484.486944724407,100034,2083,4.6382
GA,F21_Composition 1_D10,10,10,7303.277652248502,100034,2083,4.5338
GA,F21_Composition 1_D10,10,11,27761.808662508756,100034,2083,4.4883
GA,F21_Composition 1_D10,10,12,14475.666543849686,100034,2083,4.5825
GA,F21_Composition 1_D10,10,13,20417.04565051724,100034,2083,4.6599
GA,F21_Composition 1_D10,10,14,15348.05144977361,100034,2083,4.4309
RCOA,F25_Composition 5_D10,10,0,0.0019063519369302419,100013,2988,4.4731
RCOA,F25_Composition 5_D10,10,1,0.0018777367065235034,100023,2989,4.4624
RCOA,F25_Composition 5_D10,10,2,0.0018777367065235034,100015,2989,4.3546
RCOA,F25_Composition 5_D10,10,3,0.0018873834182251904,100019,2989,4.4629
RCOA,F25_Composition 5_D10,10,4,0.0018777367065235034,100021,2989,4.3525
RCOA,F25_Composition 5_D10,10,5,0.0019156695042127053,100001,2987,4.7400
RCOA,F25_Composition 5_D10,10,6,0.00189660827416414,100011,2988,4.7054
RCOA,F25_Composition 5_D10,10,7,0.0018777367065235034,100021,2989,4.4247
RCOA,F25_Composition 5_D10,10,8,0.0018777367065235034,100021,2989,4.4683
RCOA,F25_Composition 5_D10,10,9,0.0018777367065235034,100021,2989,4.4706
RCOA,F25_Composition 5_D10,10,10,0.00189660827416414,100010,2988,4.3637
RCOA,F25_Composition 5_D10,10,11,0.00189660827416414,100006,2988,4.6991
RCOA,F25_Composition 5_D10,10,12,0.0019063519369302419,100013,2988,4.4029
RCOA,F25_Composition 5_D10,10,13,0.0019063519369302419,100014,2988,5.3833
RCOA,F25_Composition 5_D10,10,14,0.0018873834182251904,100019,2989,4.4651
PSO,F25_Composition 5_D10,10,0,153276.21215825173,100000,1999,4.2391
PSO,F25_Composition 5_D10,10,1,7790.810383536745,100000,1999,4.3800
PSO,F25_Composition 5_D10,10,2,7858.383433622264,100000,1999,4.3064
PSO,F25_Composition 5_D10,10,3,8548.35772086206,100000,1999,4.6245
PSO,F25_Composition 5_D10,10,4,31756.965452933397,100000,1999,4.3982
PSO,F25_Composition 5_D10,10,5,13363.631087177728,100000,1999,4.2827
PSO,F25_Composition 5_D10,10,6,37096.274052529465,100000,1999,4.3794
PSO,F25_Composition 5_D10,10,7,8158.640225285105,100000,1999,4.3815
PSO,F25_Composition 5_D10,10,8,13053.185748794514,100000,1999,4.3424
PSO,F25_Composition 5_D10,10,9,14074.765868187264,100000,1999,4.3276
PSO,F25_Composition 5_D10,10,10,7712.540395101212,100000,1999,4.4815
PSO,F25_Composition 5_D10,10,11,7248.206014610364,100000,1999,4.3678
PSO,F25_Composition 5_D10,10,12,68636.90322895236,100000,1999,4.4562
PSO,F25_Composition 5_D10,10,13,156572.23726436828,100000,1999,4.4234
PSO,F25_Composition 5_D10,10,14,8244.205332230033,100000,1999,4.4441
DE,F25_Composition 5_D10,10,0,16247632.911894878,100000,1999,4.7727
DE,F25_Composition 5_D10,10,1,1493139826.6690955,100000,1999,4.8036
DE,F25_Composition 5_D10,10,2,930298334.5741307,100000,1999,4.7566
DE,F25_Composition 5_D10,10,3,2039188311.0485642,100000,1999,4.7736
DE,F25_Composition 5_D10,10,4,1171939230.0288649,100000,1999,4.8045
DE,F25_Composition 5_D10,10,5,1004317383.8139039,100000,1999,4.6916
DE,F25_Composition 5_D10,10,6,2309001434.4764795,100000,1999,4.8695
DE,F25_Composition 5_D10,10,7,3396505431.373078,100000,1999,4.8602
DE,F25_Composition 5_D10,10,8,2123124134.2520223,100000,1999,4.7160
DE,F25_Composition 5_D10,10,9,6234451655.978015,100000,1999,4.8268
DE,F25_Composition 5_D10,10,10,2338928905.391411,100000,1999,4.8328
DE,F25_Composition 5_D10,10,11,3576850320.080254,100000,1999,4.7519
DE,F25_Composition 5_D10,10,12,1654856259.0268376,100000,1999,4.7194
DE,F25_Composition 5_D10,10,13,1563437178.0501873,100000,1999,5.1136
DE,F25_Composition 5_D10,10,14,3291830510.9405794,100000,1999,4.6158
GA,F25_Composition 5_D10,10,0,16247632.911894878,100034,2083,5.3887
GA,F25_Composition 5_D10,10,1,1493139826.6690955,100034,2083,5.3163
GA,F25_Composition 5_D10,10,2,930298334.5741307,100034,2083,5.3346
GA,F25_Composition 5_D10,10,3,2039188311.0485642,100034,2083,5.3216
GA,F25_Composition 5_D10,10,4,3041564138.4636645,100034,2083,5.3772
GA,F25_Composition 5_D10,10,5,1004317383.8139039,100034,2083,5.3646
GA,F25_Composition 5_D10,10,6,2309001434.4764795,100034,2083,5.4052
GA,F25_Composition 5_D10,10,7,3396505431.373078,100034,2083,5.3824
GA,F25_Composition 5_D10,10,8,2123124134.2520223,100034,2083,5.3439
GA,F25_Composition 5_D10,10,9,6234451655.978015,100034,2083,5.3370
GA,F25_Composition 5_D10,10,10,2338928905.391411,100034,2083,5.3757
GA,F25_Composition 5_D10,10,11,3576850320.080254,100034,2083,5.3255
GA,F25_Composition 5_D10,10,12,1654856259.0268376,100034,2083,5.3535
GA,F25_Composition 5_D10,10,13,1563437178.0501873,100034,2083,5.2456
GA,F25_Composition 5_D10,10,14,6361431524.536058,100034,2083,5.3434
RCOA,F30_Composition 10_D10,10,0,1.097609497196303,100002,2206,6.3781
RCOA,F30_Composition 10_D10,10,1,1.1197826798657617,100016,2204,6.3806
RCOA,F30_Composition 10_D10,10,2,0.3471757638743463,100012,2327,6.3349
RCOA,F30_Composition 10_D10,10,3,0.8974027290655239,100020,2228,6.2981
RCOA,F30_Composition 10_D10,10,4,1.1197826798657617,100016,2204,6.3152
RCOA,F30_Composition 10_D10,10,5,1.097609497196303,100019,2207,6.3625
RCOA,F30_Composition 10_D10,10,6,1.097609497196303,100027,2207,6.2491
RCOA,F30_Composition 10_D10,10,7,4.5361375809294975,100028,2058,6.2969
RCOA,F30_Composition 10_D10,10,8,1.097609497196303,100005,2206,6.2218
RCOA,F30_Composition 10_D10,10,9,1.1197826798657617,100016,2204,6.3270
RCOA,F30_Composition 10_D10,10,10,1.9004218671308586,100021,2149,6.4150
RCOA,F30_Composition 10_D10,10,11,1.097609497196303,100019,2207,6.3705
RCOA,F30_Composition 10_D10,10,12,1.7897499133118007,100012,2155,6.3377
RCOA,F30_Composition 10_D10,10,13,1.9004218671308586,100021,2149,6.3440
RCOA,F30_Composition 10_D10,10,14,1.9195214244259304,100026,2148,6.2929
PSO,F30_Composition 10_D10,10,0,171235.34365010826,100000,1999,6.6509
PSO,F30_Composition 10_D10,10,1,176161.72402420393,100000,1999,6.3721
PSO,F30_Composition 10_D10,10,2,138936.63576106887,100000,1999,6.3873
PSO,F30_Composition 10_D10,10,3,173182.5601976,100000,1999,6.2912
PSO,F30_Composition 10_D10,10,4,170448.4988816168,100000,1999,6.5267
PSO,F30_Composition 10_D10,10,5,365024.55905746785,100000,1999,6.3867
PSO,F30_Composition 10_D10,10,6,190786.25974451893,100000,1999,6.3953
PSO,F30_Composition 10_D10,10,7,401136.19123338675,100000,1999,6.3806
PSO,F30_Composition 10_D10,10,8,168604.61524987535,100000,1999,6.4291
PSO,F30_Composition 10_D10,10,9,179762.56020077766,100000,1999,6.4082
PSO,F30_Composition 10_D10,10,10,280160.505566753,100000,1999,6.3831
PSO,F30_Composition 10_D10,10,11,235547.88782378536,100000,1999,6.3878
PSO,F30_Composition 10_D10,10,12,210086.57097768178,100000,1999,6.3735
PSO,F30_Composition 10_D10,10,13,186604.61656631166,100000,1999,6.2560
PSO,F30_Composition 10_D10,10,14,198226.26388097391,100000,1999,6.4948
DE,F30_Composition 10_D10,10,0,344612566.46342844,100000,1999,6.7577
DE,F30_Composition 10_D10,10,1,248103759.83760542,100000,1999,6.7966
DE,F30_Composition 10_D10,10,2,35793759.841658644,100000,1999,6.8458
DE,F30_Composition 10_D10,10,3,5578529.862546193,100000,1999,6.8014
DE,F30_Composition 10_D10,10,4,783535091.3317549,100000,1999,6.7542
DE,F30_Composition 10_D10,10,5,896731139.6198213,100000,1999,6.7518
DE,F30_Composition 10_D10,10,6,61412004.687614806,100000,1999,6.7533
DE,F30_Composition 10_D10,10,7,258048140.16811392,100000,1999,6.7008
DE,F30_Composition 10_D10,10,8,157580095.44287768,100000,1999,6.9260
DE,F30_Composition 10_D10,10,9,96874676.3552076,100000,1999,6.6794
DE,F30_Composition 10_D10,10,10,250749341.36613363,100000,1999,6.7524
DE,F30_Composition 10_D10,10,11,28574159.8344575,100000,1999,6.7356
DE,F30_Composition 10_D10,10,12,164771765.10265094,100000,1999,6.8924
DE,F30_Composition 10_D10,10,13,17140009.463121776,100000,1999,6.6822
DE,F30_Composition 10_D10,10,14,179488000.25966352,100000,1999,6.7958
GA,F30_Composition 10_D10,10,0,198361574.8202967,100034,2083,7.6366
GA,F30_Composition 10_D10,10,1,220526038.07994992,100034,2083,7.7076
GA,F30_Composition 10_D10,10,2,28105745.189328462,100034,2083,7.5090
GA,F30_Composition 10_D10,10,3,4812468.716755124,100034,2083,7.5787
GA,F30_Composition 10_D10,10,4,718639284.4352479,100034,2083,7.5770
GA,F30_Composition 10_D10,10,5,877795629.1274307,100034,2083,7.5946
GA,F30_Composition 10_D10,10,6,53839209.1476738,100034,2083,7.5012
GA,F30_Composition 10_D10,10,7,258048140.16811392,100034,2083,7.5258
GA,F30_Composition 10_D10,10,8,80515626.63036624,100034,2083,7.5942
GA,F30_Composition 10_D10,10,9,92178993.440656,100034,2083,7.7071
GA,F30_Composition 10_D10,10,10,208822110.7868234,100034,2083,8.3010
GA,F30_Composition 10_D10,10,11,18339529.80160499,100034,2083,7.5418
GA,F30_Composition 10_D10,10,12,70889816.7386067,100034,2083,7.5197
GA,F30_Composition 10_D10,10,13,10056895.086273374,100034,2083,7.6590
GA,F30_Composition 10_D10,10,14,57349269.421550855,100034,2083,7.4987
RCOA,F1_Sphere_D30,30,0,2.460439125829538e-07,300020,2746,2.1933
RCOA,F1_Sphere_D30,30,1,1.3651540596912561e-06,300059,2571,2.1343
RCOA,F1_Sphere_D30,30,2,1.1451205988911227e-06,300013,2589,2.1221
RCOA,F1_Sphere_D30,30,3,1.1451205988911227e-06,300046,2589,2.1128
RCOA,F1_Sphere_D30,30,4,1.3597312148040144e-07,300087,2807,2.2167
RCOA,F1_Sphere_D30,30,5,1.1451205988911227e-06,300056,2589,2.1360
RCOA,F1_Sphere_D30,30,6,1.371887066216009e-07,300021,2806,2.1770
RCOA,F1_Sphere_D30,30,7,1.1451205988911227e-06,300006,2589,2.1570
RCOA,F1_Sphere_D30,30,8,1.1451205988911227e-06,300024,2589,2.2631
RCOA,F1_Sphere_D30,30,9,1.3651540596912561e-06,300045,2571,2.2216
RCOA,F1_Sphere_D30,30,10,1.1451205988911227e-06,300019,2589,2.1449
RCOA,F1_Sphere_D30,30,11,1.3651540596912561e-06,300045,2571,2.1326
RCOA,F1_Sphere_D30,30,12,1.1451205988911227e-06,300005,2589,2.1292
RCOA,F1_Sphere_D30,30,13,1.1451205988911227e-06,300013,2589,2.1261
RCOA,F1_Sphere_D30,30,14,1.1451205988911227e-06,300011,2589,2.1640
PSO,F1_Sphere_D30,30,0,17983.78470442034,300000,5999,3.3110
PSO,F1_Sphere_D30,30,1,9495.401365137926,300000,5999,3.2859
PSO,F1_Sphere_D30,30,2,9799.997722658563,300000,5999,3.3694
PSO,F1_Sphere_D30,30,3,8867.63157977421,300000,5999,3.2470
PSO,F1_Sphere_D30,30,4,11008.263980274025,300000,5999,3.2810
PSO,F1_Sphere_D30,30,5,6148.256156817966,300000,5999,3.2916
PSO,F1_Sphere_D30,30,6,13044.625503883855,300000,5999,3.2694
PSO,F1_Sphere_D30,30,7,9963.119370707209,300000,5999,3.2316
PSO,F1_Sphere_D30,30,8,11896.892433562134,300000,5999,3.2829
PSO,F1_Sphere_D30,30,9,13535.929354511129,300000,5999,3.2700
PSO,F1_Sphere_D30,30,10,9202.893463839227,300000,5999,3.1913
PSO,F1_Sphere_D30,30,11,12280.55627920192,300000,5999,3.2615
PSO,F1_Sphere_D30,30,12,6554.8631141175265,300000,5999,3.2392
PSO,F1_Sphere_D30,30,13,3608.7699198850623,300000,5999,3.2589
PSO,F1_Sphere_D30,30,14,3586.16508977935,300000,5999,3.4469
DE,F1_Sphere_D30,30,0,100873.59318064358,300000,5999,5.4004
DE,F1_Sphere_D30,30,1,113416.91519805387,300000,5999,5.4174
DE,F1_Sphere_D30,30,2,88462.04688688133,300000,5999,5.3574
DE,F1_Sphere_D30,30,3,77828.87813374746,300000,5999,5.3851
DE,F1_Sphere_D30,30,4,80006.1712132671,300000,5999,5.3567
DE,F1_Sphere_D30,30,5,85254.51636185299,300000,5999,5.4917
DE,F1_Sphere_D30,30,6,88472.55460458406,300000,5999,5.4075
DE,F1_Sphere_D30,30,7,78372.26084222188,300000,5999,5.5374
DE,F1_Sphere_D30,30,8,100592.52794063123,300000,5999,5.7505
DE,F1_Sphere_D30,30,9,86009.7115125211,300000,5999,6.6280
DE,F1_Sphere_D30,30,10,78198.30730971377,300000,5999,5.5716
DE,F1_Sphere_D30,30,11,82901.31720892584,300000,5999,5.3723
DE,F1_Sphere_D30,30,12,72415.51179648518,300000,5999,5.4136
DE,F1_Sphere_D30,30,13,84224.30095878702,300000,5999,5.3957
DE,F1_Sphere_D30,30,14,82713.12314756704,300000,5999,970.3024
GA,F1_Sphere_D30,30,0,100873.59318064358,300002,6249,12.7368
GA,F1_Sphere_D30,30,1,113416.91519805387,300002,6249,12.9519
GA,F1_Sphere_D30,30,2,88490.15179224743,300002,6249,13.4748
GA,F1_Sphere_D30,30,3,77828.87813374746,300002,6249,13.2736
GA,F1_Sphere_D30,30,4,80006.1712132671,300002,6249,932.3929
GA,F1_Sphere_D30,30,5,88047.58421854934,300002,6249,12.6867
GA,F1_Sphere_D30,30,6,111662.15823025825,300002,6249,13.1451
GA,F1_Sphere_D30,30,7,106147.93896997863,300002,6249,13.3178
GA,F1_Sphere_D30,30,8,100592.52794063123,300002,6249,932.0889
GA,F1_Sphere_D30,30,9,107330.86398620455,300002,6249,12.6603
GA,F1_Sphere_D30,30,10,78198.30730971377,300002,6249,12.8437
GA,F1_Sphere_D30,30,11,92341.03176684862,300002,6249,942.7953
GA,F1_Sphere_D30,30,12,72415.51179648518,300002,6249,12.7947
GA,F1_Sphere_D30,30,13,84224.30095878702,300002,6249,12.6788
GA,F1_Sphere_D30,30,14,82713.12314756704,300002,6249,12.8974
RCOA,F3_Zakharov_D30,30,0,1.8041542633564536e-41,300020,13197,1005.1716
RCOA,F3_Zakharov_D30,30,1,1.8041542633564536e-41,300020,13197,5.1323
RCOA,F3_Zakharov_D30,30,2,1.8041542633564536e-41,300020,13197,5.1936
RCOA,F3_Zakharov_D30,30,3,1.8041542633564536e-41,300020,13197,5.2607
RCOA,F3_Zakharov_D30,30,4,1.8285956482615155e-41,300007,13196,5.1127
RCOA,F3_Zakharov_D30,30,5,1.8285956482615155e-41,300007,13196,5.1212
RCOA,F3_Zakharov_D30,30,6,1.8285956482615155e-41,300007,13196,5.1508
RCOA,F3_Zakharov_D30,30,7,1.8222863151488e-41,300017,13196,5.1459
RCOA,F3_Zakharov_D30,30,8,1.8041542633564536e-41,300020,13197,5.2171
RCOA,F3_Zakharov_D30,30,9,1.8041542633564536e-41,300020,13197,5.1503
RCOA,F3_Zakharov_D30,30,10,1.8041542633564536e-41,300020,13197,5.1709
RCOA,F3_Zakharov_D30,30,11,1.8285956482615155e-41,300007,13196,5.1757
RCOA,F3_Zakharov_D30,30,12,1.8285956482615155e-41,300007,13196,709.3268
RCOA,F3_Zakharov_D30,30,13,1.8041542633564536e-41,300020,13197,5.3446
RCOA,F3_Zakharov_D30,30,14,1.8041542633564536e-41,300020,13197,5.5259
PSO,F3_Zakharov_D30,30,0,143778.4125844393,300000,5999,3.7866
PSO,F3_Zakharov_D30,30,1,52141.64153402316,300000,5999,3.7262
PSO,F3_Zakharov_D30,30,2,87336.1846670206,300000,5999,3.7894
PSO,F3_Zakharov_D30,30,3,111872.1020200652,300000,5999,3.7391
PSO,F3_Zakharov_D30,30,4,49739.15638295577,300000,5999,3.7809
PSO,F3_Zakharov_D30,30,5,155891.2697092302,300000,5999,3.8056
PSO,F3_Zakharov_D30,30,6,45479.29833812007,300000,5999,3.7690
PSO,F3_Zakharov_D30,30,7,85025.4215872881,300000,5999,3.8452
PSO,F3_Zakharov_D30,30,8,72251.96670356579,300000,5999,3.8580
PSO,F3_Zakharov_D30,30,9,87607.30596314622,300000,5999,943.5434
PSO,F3_Zakharov_D30,30,10,76645.97230846726,300000,5999,3.7565
PSO,F3_Zakharov_D30,30,11,60345.95982922378,300000,5999,3.7700
PSO,F3_Zakharov_D30,30,12,74929.45740662086,300000,5999,3.7322
PSO,F3_Zakharov_D30,30,13,76619.7762057619,300000,5999,3.7125
PSO,F3_Zakharov_D30,30,14,57184.32130409029,300000,5999,3.8060
DE,F3_Zakharov_D30,30,0,184612.33515297575,300000,5999,6.0866
DE,F3_Zakharov_D30,30,1,169623.75049938916,300000,5999,5.9764
DE,F3_Zakharov_D30,30,2,17129154.43945533,300000,5999,5.9373
DE,F3_Zakharov_D30,30,3,194881.94074749708,300000,5999,6.0667
DE,F3_Zakharov_D30,30,4,201139.72246463268,300000,5999,56.5436
DE,F3_Zakharov_D30,30,5,119468.58221247618,300000,5999,5.8237
DE,F3_Zakharov_D30,30,6,149534.24968807268,300000,5999,5.8207
DE,F3_Zakharov_D30,30,7,177865.01450248217,300000,5999,5.9570
DE,F3_Zakharov_D30,30,8,3942984.9220290575,300000,5999,5.9007
DE,F3_Zakharov_D30,30,9,257360.3379558186,300000,5999,6.0216
DE,F3_Zakharov_D30,30,10,17996612.105682872,300000,5999,6.3180
DE,F3_Zakharov_D30,30,11,103201.7186764627,300000,5999,298.5398
DE,F3_Zakharov_D30,30,12,169032.12446817543,300000,5999,6.1119
DE,F3_Zakharov_D30,30,13,162776.93809689218,300000,5999,5.8433
DE,F3_Zakharov_D30,30,14,263666.3334175825,300000,5999,5.7984
GA,F3_Zakharov_D30,30,0,188344.40653726552,300002,6249,13.6510
GA,F3_Zakharov_D30,30,1,210419.9150507987,300002,6249,13.9412
GA,F3_Zakharov_D30,30,2,244982.92030460385,300002,6249,913.3424
GA,F3_Zakharov_D30,30,3,147334.82411539112,300002,6249,13.7301
GA,F3_Zakharov_D30,30,4,124197.86964586115,300002,6249,13.8418
GA,F3_Zakharov_D30,30,5,329740.3137799501,300002,6249,928.7407
GA,F3_Zakharov_D30,30,6,161802.73634930555,300002,6249,13.9760
GA,F3_Zakharov_D30,30,7,118043.12868634515,300002,6249,13.7881
GA,F3_Zakharov_D30,30,8,198384990.46411568,300002,6249,1000.8920
GA,F3_Zakharov_D30,30,9,219152.74179283227,300002,6249,13.6085
GA,F3_Zakharov_D30,30,10,489366.546449054,300002,6249,13.9632
GA,F3_Zakharov_D30,30,11,211400.10747895564,300002,6249,14.0010
GA,F3_Zakharov_D30,30,12,230668.78086114555,300002,6249,961.4851
GA,F3_Zakharov_D30,30,13,210370.75028301807,300002,6249,13.5646
GA,F3_Zakharov_D30,30,14,215057331.707863,300002,6249,13.5342
RCOA,F5_Rastrigin_D30,30,0,7.023814889700106e-16,300019,4776,3.1732
RCOA,F5_Rastrigin_D30,30,1,7.023814889700106e-16,300010,4776,2.9323
RCOA,F5_Rastrigin_D30,30,2,7.023814889700106e-16,300010,4776,957.6947
RCOA,F5_Rastrigin_D30,30,3,2.985764314243622e-17,300026,5102,2.9783
RCOA,F5_Rastrigin_D30,30,4,5.307677921039633e-08,300002,2908,2.4493
RCOA,F5_Rastrigin_D30,30,5,7.023814889700106e-16,300019,4776,2.8682
RCOA,F5_Rastrigin_D30,30,6,7.023814889700106e-16,300019,4776,2.9688
RCOA,F5_Rastrigin_D30,30,7,6.953926763832522e-16,300008,4777,2.8988
RCOA,F5_Rastrigin_D30,30,8,7.023814889700106e-16,300019,4776,2.8606
RCOA,F5_Rastrigin_D30,30,9,7.023814889700106e-16,300019,4776,2.8991
RCOA,F5_Rastrigin_D30,30,10,5.307677921039633e-08,300001,2908,2.4714
RCOA,F5_Rastrigin_D30,30,11,4.768451713048336e-07,300101,2681,2.3953
RCOA,F5_Rastrigin_D30,30,12,5.307677921039633e-08,300010,2908,2.4445
RCOA,F5_Rastrigin_D30,30,13,7.023814889700106e-16,300008,4776,2.9675
RCOA,F5_Rastrigin_D30,30,14,5.307677921039633e-08,300000,2908,2.4359
PSO,F5_Rastrigin_D30,30,0,9404.750318525128,300000,5999,3.4549
PSO,F5_Rastrigin_D30,30,1,8331.595519647944,300000,5999,3.4995
PSO,F5_Rastrigin_D30,30,2,9886.213650679729,300000,5999,3.4754
PSO,F5_Rastrigin_D30,30,3,8693.355842286863,300000,5999,3.4364
PSO,F5_Rastrigin_D30,30,4,6953.643862437679,300000,5999,3.5554
PSO,F5_Rastrigin_D30,30,5,6300.259428259878,300000,5999,3.7337
PSO,F5_Rastrigin_D30,30,6,19045.538306107013,300000,5999,3.5288
PSO,F5_Rastrigin_D30,30,7,5842.9857033111375,300000,5999,908.0995
PSO,F5_Rastrigin_D30,30,8,4353.348500228403,300000,5999,3.7849
PSO,F5_Rastrigin_D30,30,9,7230.173667629674,300000,5999,3.6085
PSO,F5_Rastrigin_D30,30,10,15396.019290154922,300000,5999,3.5254
PSO,F5_Rastrigin_D30,30,11,13660.66479424955,300000,5999,3.4874
PSO,F5_Rastrigin_D30,30,12,8912.74241400706,300000,5999,3.4538
PSO,F5_Rastrigin_D30,30,13,5746.352569913237,300000,5999,3.4921
PSO,F5_Rastrigin_D30,30,14,6634.063491010356,300000,5999,3.4384
DE,F5_Rastrigin_D30,30,0,101192.0886925884,300000,5999,5.5222
DE,F5_Rastrigin_D30,30,1,113050.65725878454,300000,5999,5.4886
DE,F5_Rastrigin_D30,30,2,101792.65295587956,300000,5999,5.6014
DE,F5_Rastrigin_D30,30,3,102044.40414963673,300000,5999,5.6240
DE,F5_Rastrigin_D30,30,4,113892.49260241068,300000,5999,1017.0067
DE,F5_Rastrigin_D30,30,5,96022.24480983296,300000,5999,5.5742
DE,F5_Rastrigin_D30,30,6,107335.16722453579,300000,5999,5.5132
DE,F5_Rastrigin_D30,30,7,105064.88240445386,300000,5999,5.4935
DE,F5_Rastrigin_D30,30,8,72282.46196660379,300000,5999,5.5488
DE,F5_Rastrigin_D30,30,9,69863.10730815501,300000,5999,5.5569
DE,F5_Rastrigin_D30,30,10,104838.8942994486,300000,5999,5.5209
DE,F5_Rastrigin_D30,30,11,44014.57780160406,300000,5999,5.6175
DE,F5_Rastrigin_D30,30,12,92176.96116392463,300000,5999,909.4805
DE,F5_Rastrigin_D30,30,13,83099.43994560633,300000,5999,5.4948
DE,F5_Rastrigin_D30,30,14,89279.18988745882,300000,5999,5.6043
GA,F5_Rastrigin_D30,30,0,101192.0886925884,300002,6249,13.1968
GA,F5_Rastrigin_D30,30,1,113050.65725878454,300002,6249,13.3511
GA,F5_Rastrigin_D30,30,2,101792.65295587956,300002,6249,998.3789
GA,F5_Rastrigin_D30,30,3,124169.09009316585,300002,6249,13.1846
GA,F5_Rastrigin_D30,30,4,113892.49260241068,300002,6249,13.2869
GA,F5_Rastrigin_D30,30,5,96022.24480983296,300002,6249,13.2387
GA,F5_Rastrigin_D30,30,6,107335.16722453579,300002,6249,13.5046
GA,F5_Rastrigin_D30,30,7,105064.88240445386,300002,6249,415.9276
GA,F5_Rastrigin_D30,30,8,94836.20250179559,300002,6249,13.0813
GA,F5_Rastrigin_D30,30,9,100293.60591102747,300002,6249,13.3324
GA,F5_Rastrigin_D30,30,10,104838.8942994486,300002,6249,972.1364
GA,F5_Rastrigin_D30,30,11,107621.9807680261,300002,6249,13.1314
GA,F5_Rastrigin_D30,30,12,92176.96116392463,300002,6249,13.1607
GA,F5_Rastrigin_D30,30,13,107344.42151024214,300002,6249,13.6032
GA,F5_Rastrigin_D30,30,14,89279.18988745882,300002,6249,1011.1476
RCOA,F9_Levy_D30,30,0,3.2261664759585446e-29,300012,7803,4.6780
RCOA,F9_Levy_D30,30,1,2.2273410438581127e-30,300021,8078,4.8037
RCOA,F9_Levy_D30,30,2,1.0090003368466377e-21,300023,6027,4.2115
RCOA,F9_Levy_D30,30,3,3.7568722391104084e-35,300017,9198,4.9569
RCOA,F9_Levy_D30,30,4,3.4467783126545124e-27,300032,7322,4.5138
RCOA,F9_Levy_D30,30,5,8.291560284565062e-33,300020,8643,4.8612
RCOA,F9_Levy_D30,30,6,3.273252126737136e-23,300018,6380,4.3514
RCOA,F9_Levy_D30,30,7,3.620552989819539e-27,300034,7317,851.5862
RCOA,F9_Levy_D30,30,8,3.81340492653825e-35,300001,9196,5.2693
RCOA,F9_Levy_D30,30,9,3.8314617484740587e-31,300017,8259,4.8251
RCOA,F9_Levy_D30,30,10,2.2219372545670115e-33,300004,8789,4.8775
RCOA,F9_Levy_D30,30,11,2.5996516465575415e-31,300002,8299,4.9286
RCOA,F9_Levy_D30,30,12,2.3158228037133571e-29,300018,7837,4.6967
RCOA,F9_Levy_D30,30,13,6.217675345004541e-32,300034,8446,4.8572
RCOA,F9_Levy_D30,30,14,1.600132516477442e-24,300030,6690,4.4051
PSO,F9_Levy_D30,30,0,5412.014974417084,300000,5999,4.5518
PSO,F9_Levy_D30,30,1,5275.252805337257,300000,5999,4.5705
PSO,F9_Levy_D30,30,2,2882.7069534517486,300000,5999,4.6594
PSO,F9_Levy_D30,30,3,4568.805895149229,300000,5999,4.6411
PSO,F9_Levy_D30,30,4,4511.329460710202,300000,5999,4.6136
PSO,F9_Levy_D30,30,5,3787.466092998107,300000,5999,956.4407
PSO,F9_Levy_D30,30,6,4047.2415818215563,300000,5999,4.7051
PSO,F9_Levy_D30,30,7,9757.039530896054,300000,5999,4.5875
PSO,F9_Levy_D30,30,8,6369.982143051729,300000,5999,4.5818
PSO,F9_Levy_D30,30,9,1260.388934128696,300000,5999,4.5717
PSO,F9_Levy_D30,30,10,3632.925300539517,300000,5999,4.6729
PSO,F9_Levy_D30,30,11,4404.2656950969595,300000,5999,4.8349
PSO,F9_Levy_D30,30,12,4026.531243235061,300000,5999,4.6519
PSO,F9_Levy_D30,30,13,5958.0118916503225,300000,5999,4.7999
PSO,F9_Levy_D30,30,14,3172.4187847189824,300000,5999,4.7190
DE,F9_Levy_D30,30,0,24552.137913214912,300000,5999,6.7953
DE,F9_Levy_D30,30,1,20800.09764539149,300000,5999,7.0607
DE,F9_Levy_D30,30,2,11151.209640620818,300000,5999,7.4501
DE,F9_Levy_D30,30,3,25578.65009403866,300000,5999,6.9748
DE,F9_Levy_D30,30,4,18593.71730026607,300000,5999,6.9276
DE,F9_Levy_D30,30,5,36330.267726365826,300000,5999,7.0143
DE,F9_Levy_D30,30,6,26076.833972645654,300000,5999,7.0042
DE,F9_Levy_D30,30,7,30447.50882343052,300000,5999,6.9547
DE,F9_Levy_D30,30,8,18451.608890858704,300000,5999,6.9286
DE,F9_Levy_D30,30,9,26284.36674269284,300000,5999,6.9557
DE,F9_Levy_D30,30,10,22666.630212917127,300000,5999,6.9273
DE,F9_Levy_D30,30,11,17304.38320898766,300000,5999,7.3196
DE,F9_Levy_D30,30,12,24952.837554399935,300000,5999,7.0358
DE,F9_Levy_D30,30,13,33029.00532420972,300000,5999,6.9725
DE,F9_Levy_D30,30,14,28561.912204955395,300000,5999,6.9051
GA,F9_Levy_D30,30,0,24552.137913214912,300002,6249,980.7960
GA,F9_Levy_D30,30,1,20800.09764539149,300002,6249,14.5570
GA,F9_Levy_D30,30,2,25938.78966801704,300002,6249,14.5616
GA,F9_Levy_D30,30,3,30319.120749134065,300002,6249,952.7526
GA,F9_Levy_D30,30,4,18593.71730026607,300002,6249,14.3004
GA,F9_Levy_D30,30,5,36330.267726365826,300002,6249,14.3341
GA,F9_Levy_D30,30,6,29496.214232154583,300002,6249,1060.3526
GA,F9_Levy_D30,30,7,35722.820273677986,300002,6249,14.9407
GA,F9_Levy_D30,30,8,30046.17083156529,300002,6249,14.3485
GA,F9_Levy_D30,30,9,26823.685352392447,300002,6249,14.5889
GA,F9_Levy_D30,30,10,24523.558969135865,300002,6249,930.4561
GA,F9_Levy_D30,30,11,17304.38320898766,300002,6249,14.3950
GA,F9_Levy_D30,30,12,24952.837554399935,300002,6249,14.5175
GA,F9_Levy_D30,30,13,33029.00532420972,300002,6249,923.1497
GA,F9_Levy_D30,30,14,28561.912204955395,300002,6249,14.5218
RCOA,F12_Ackley_D30,30,0,7.23556963481147e-54,300006,13247,5.0947
RCOA,F12_Ackley_D30,30,1,7.23556963481147e-54,300006,13247,5.2597
RCOA,F12_Ackley_D30,30,2,7.23556963481147e-54,300006,13247,5.1400
RCOA,F12_Ackley_D30,30,3,7.23556963481147e-54,300006,13247,5.2016
RCOA,F12_Ackley_D30,30,4,7.23556963481147e-54,300006,13247,5.2072
RCOA,F12_Ackley_D30,30,5,7.23556963481147e-54,300006,13247,5.2512
RCOA,F12_Ackley_D30,30,6,7.23556963481147e-54,300006,13247,5.2051
RCOA,F12_Ackley_D30,30,7,7.23556963481147e-54,300006,13247,5.3315
RCOA,F12_Ackley_D30,30,8,7.23556963481147e-54,300006,13247,5.2361
RCOA,F12_Ackley_D30,30,9,7.23556963481147e-54,300006,13247,5.4247
RCOA,F12_Ackley_D30,30,10,7.23556963481147e-54,300006,13247,5.4979
RCOA,F12_Ackley_D30,30,11,7.23556963481147e-54,300006,13247,5.3657
RCOA,F12_Ackley_D30,30,12,7.23556963481147e-54,300006,13247,5.3529
RCOA,F12_Ackley_D30,30,13,7.23556963481147e-54,300006,13247,5.3177
RCOA,F12_Ackley_D30,30,14,7.23556963481147e-54,300006,13247,5.4209
PSO,F12_Ackley_D30,30,0,21.042775514841576,300000,5999,3.9730
PSO,F12_Ackley_D30,30,1,21.1031864603434,300000,5999,3.9340
PSO,F12_Ackley_D30,30,2,21.09750754252738,300000,5999,3.9844
PSO,F12_Ackley_D30,30,3,20.836751339708744,300000,5999,3.9069
PSO,F12_Ackley_D30,30,4,20.443961362642582,300000,5999,3.9832
PSO,F12_Ackley_D30,30,5,21.12318497288512,300000,5999,3.9259
PSO,F12_Ackley_D30,30,6,21.047326980748437,300000,5999,3.9349
PSO,F12_Ackley_D30,30,7,21.008921048866412,300000,5999,3.9591
PSO,F12_Ackley_D30,30,8,20.92851469694362,300000,5999,4.0798
PSO,F12_Ackley_D30,30,9,20.77535937215753,300000,5999,4.0004
PSO,F12_Ackley_D30,30,10,20.999178057267002,300000,5999,4.7094
PSO,F12_Ackley_D30,30,11,20.793545045205413,300000,5999,3.9832
PSO,F12_Ackley_D30,30,12,21.031094123115277,300000,5999,3.9719
PSO,F12_Ackley_D30,30,13,20.804780824650376,300000,5999,3.9440
PSO,F12_Ackley_D30,30,14,21.083549893470938,300000,5999,3.9543
DE,F12_Ackley_D30,30,0,21.37190619122261,300000,5999,6.1634
DE,F12_Ackley_D30,30,1,21.338297635712845,300000,5999,6.1890
DE,F12_Ackley_D30,30,2,21.293684774073643,300000,5999,6.1457
DE,F12_Ackley_D30,30,3,21.304930117749322,300000,5999,6.1526
DE,F12_Ackley_D30,30,4,21.414765036417982,300000,5999,943.3775
DE,F12_Ackley_D30,30,5,21.251670470056922,300000,5999,6.1040
DE,F12_Ackley_D30,30,6,21.292631420784712,300000,5999,5.9101
DE,F12_Ackley_D30,30,7,21.333804110055816,300000,5999,5.9034
DE,F12_Ackley_D30,30,8,21.321196593155584,300000,5999,5.8799
DE,F12_Ackley_D30,30,9,21.41377897831447,300000,5999,5.9329
DE,F12_Ackley_D30,30,10,21.399520669990274,300000,5999,5.9667
DE,F12_Ackley_D30,30,11,21.26972825901452,300000,5999,6.0086
DE,F12_Ackley_D30,30,12,21.206638207792583,300000,5999,5.9854
DE,F12_Ackley_D30,30,13,21.143683802543233,300000,5999,6.0793
DE,F12_Ackley_D30,30,14,21.401257619179102,300000,5999,6.1391
GA,F12_Ackley_D30,30,0,21.37190619122261,300002,6249,1035.0209
GA,F12_Ackley_D30,30,1,21.338297635712845,300002,6249,14.5151
GA,F12_Ackley_D30,30,2,21.293684774073643,300002,6249,14.2871
GA,F12_Ackley_D30,30,3,21.368373144828468,300002,6249,509.2165
GA,F12_Ackley_D30,30,4,21.381108374484352,300002,6249,13.8579
GA,F12_Ackley_D30,30,5,21.251670470056922,300002,6249,14.0253
GA,F12_Ackley_D30,30,6,21.292631420784712,300002,6249,14.3796
GA,F12_Ackley_D30,30,7,21.38570586312028,300002,6249,14.3211
GA,F12_Ackley_D30,30,8,21.375161946764386,300002,6249,14.3751
GA,F12_Ackley_D30,30,9,21.41377897831447,300002,6249,14.2798
GA,F12_Ackley_D30,30,10,21.399520669990274,300002,6249,14.2396
GA,F12_Ackley_D30,30,11,21.34425136634244,300002,6249,14.2750
GA,F12_Ackley_D30,30,12,21.206638207792583,300002,6249,14.2516
GA,F12_Ackley_D30,30,13,21.394794258741204,300002,6249,15.0819
GA,F12_Ackley_D30,30,14,21.401257619179102,300002,6249,14.3302
RCOA,F14_HappyCat_D30,30,0,2.0179107224104116e-20,300013,5408,3.2448
RCOA,F14_HappyCat_D30,30,1,2.0179107224104116e-20,300013,5408,17.2600
RCOA,F14_HappyCat_D30,30,2,2.0179107224104116e-20,300013,5408,3.2075
RCOA,F14_HappyCat_D30,30,3,2.0179107224104116e-20,300013,5408,3.2069
RCOA,F14_HappyCat_D30,30,4,2.0179107224104116e-20,300013,5408,3.2140
RCOA,F14_HappyCat_D30,30,5,2.0179107224104116e-20,300013,5408,3.2184
RCOA,F14_HappyCat_D30,30,6,2.0179107224104116e-20,300016,5408,3.2017
RCOA,F14_HappyCat_D30,30,7,1.948062286576641e-20,300001,5412,3.3622
RCOA,F14_HappyCat_D30,30,8,2.0179107224104116e-20,300013,5408,3.2268
RCOA,F14_HappyCat_D30,30,9,2.0179107224104116e-20,300013,5408,3.2215
RCOA,F14_HappyCat_D30,30,10,2.0179107224104116e-20,300019,5408,3.2290
RCOA,F14_HappyCat_D30,30,11,2.0179107224104116e-20,300013,5408,3.2264
RCOA,F14_HappyCat_D30,30,12,2.0179107224104116e-20,300013,5408,3.1941
RCOA,F14_HappyCat_D30,30,13,2.0179107224104116e-20,300013,5408,3.2600
RCOA,F14_HappyCat_D30,30,14,2.0179107224104116e-20,300013,5408,3.2356
PSO,F14_HappyCat_D30,30,0,78.74274748007136,300000,5999,17.9319
PSO,F14_HappyCat_D30,30,1,257.9648459916335,300000,5999,3.6765
PSO,F14_HappyCat_D30,30,2,154.70956713174547,300000,5999,3.6763
PSO,F14_HappyCat_D30,30,3,80.1015798387386,300000,5999,3.7129
PSO,F14_HappyCat_D30,30,4,118.55885977048801,300000,5999,3.7003
PSO,F14_HappyCat_D30,30,5,71.79694879383408,300000,5999,3.6913
PSO,F14_HappyCat_D30,30,6,200.72317807395197,300000,5999,3.6787
PSO,F14_HappyCat_D30,30,7,226.23321676738556,300000,5999,3.6582
PSO,F14_HappyCat_D30,30,8,179.30011363966457,300000,5999,3.7333
PSO,F14_HappyCat_D30,30,9,156.22278005404215,300000,5999,3.7909
PSO,F14_HappyCat_D30,30,10,88.0040165845601,300000,5999,3.7112
PSO,F14_HappyCat_D30,30,11,66.03507332905043,300000,5999,3.7492
PSO,F14_HappyCat_D30,30,12,130.25355276606655,300000,5999,3.7248
PSO,F14_HappyCat_D30,30,13,134.29666836157676,300000,5999,915.7432
PSO,F14_HappyCat_D30,30,14,186.32083277310738,300000,5999,3.5447
DE,F14_HappyCat_D30,30,0,1550.6076439647754,300000,5999,5.6121
DE,F14_HappyCat_D30,30,1,1525.3667239252156,300000,5999,5.5709
DE,F14_HappyCat_D30,30,2,1310.3237853384585,300000,5999,5.6544
DE,F14_HappyCat_D30,30,3,1088.6026094655697,300000,5999,5.6130
DE,F14_HappyCat_D30,30,4,1303.9905488801887,300000,5999,5.7107
DE,F14_HappyCat_D30,30,5,1231.1446169689134,300000,5999,5.7698
DE,F14_HappyCat_D30,30,6,1609.1526213418435,300000,5999,5.8281
DE,F14_HappyCat_D30,30,7,1447.421515613776,300000,5999,5.8963
DE,F14_HappyCat_D30,30,8,1512.7026703724187,300000,5999,5.8419
DE,F14_HappyCat_D30,30,9,1423.3190523720343,300000,5999,5.9224
DE,F14_HappyCat_D30,30,10,1415.1985892647187,300000,5999,5.8834
DE,F14_HappyCat_D30,30,11,1230.7350653948688,300000,5999,5.9185
DE,F14_HappyCat_D30,30,12,1073.9358479704501,300000,5999,5.9132
DE,F14_HappyCat_D30,30,13,1636.6676111100387,300000,5999,5.8710
DE,F14_HappyCat_D30,30,14,1459.5418870822662,300000,5999,5.8805
GA,F14_HappyCat_D30,30,0,1550.6076439647754,300002,6249,14.3032
GA,F14_HappyCat_D30,30,1,1525.3667239252156,300002,6249,14.3497
GA,F14_HappyCat_D30,30,2,1542.4647417648368,300002,6249,14.3025
GA,F14_HappyCat_D30,30,3,1668.6365533043452,300002,6249,14.1881
GA,F14_HappyCat_D30,30,4,1303.9905488801887,300002,6249,14.3230
GA,F14_HappyCat_D30,30,5,1231.1446169689134,300002,6249,15.2012
GA,F14_HappyCat_D30,30,6,1609.1526213418435,300002,6249,14.3931
GA,F14_HappyCat_D30,30,7,1562.1665887891904,300002,6249,14.2667
GA,F14_HappyCat_D30,30,8,1654.9932472460505,300002,6249,14.2481
GA,F14_HappyCat_D30,30,9,1576.7295439351026,300002,6249,14.3471
GA,F14_HappyCat_D30,30,10,1415.1985892647187,300002,6249,14.2663
GA,F14_HappyCat_D30,30,11,1230.7350653948688,300002,6249,14.3281
GA,F14_HappyCat_D30,30,12,1458.595405076526,300002,6249,14.3225
GA,F14_HappyCat_D30,30,13,1781.6570394210585,300002,6249,14.3619
GA,F14_HappyCat_D30,30,14,1459.5418870822662,300002,6249,14.2831
RCOA,F18_Hybrid 1_D30,30,0,5.078324764379928e-44,300005,12848,6.5520
RCOA,F18_Hybrid 1_D30,30,1,1.5936793590174042e-43,300018,12731,6.4899
RCOA,F18_Hybrid 1_D30,30,2,1.590095258558398e-45,300015,13198,6.5616
RCOA,F18_Hybrid 1_D30,30,3,1.6589617241415784e-45,300019,13197,6.5821
RCOA,F18_Hybrid 1_D30,30,4,1.673913895360943e-45,300011,13198,6.5821
RCOA,F18_Hybrid 1_D30,30,5,3.6092997928126614e-42,300018,12404,6.5750
RCOA,F18_Hybrid 1_D30,30,6,1.6554414638510178e-45,300015,13198,6.6731
RCOA,F18_Hybrid 1_D30,30,7,4.66429657465794e-44,300019,12848,6.4948
RCOA,F18_Hybrid 1_D30,30,8,1.3088442481915679e-43,300015,12729,6.5184
RCOA,F18_Hybrid 1_D30,30,9,1.5879185489125817e-43,300010,12731,6.5193
RCOA,F18_Hybrid 1_D30,30,10,1.2165000516592977e-45,300013,13229,6.5772
RCOA,F18_Hybrid 1_D30,30,11,4.1067603980531666e-42,300023,12405,6.4425
RCOA,F18_Hybrid 1_D30,30,12,1.687311828870834e-45,300009,13198,6.5692
RCOA,F18_Hybrid 1_D30,30,13,3.7579194233399814e-42,300017,12405,6.4234
RCOA,F18_Hybrid 1_D30,30,14,1.0003593178984444e-41,300000,12295,6.5545
PSO,F18_Hybrid 1_D30,30,0,12071.404367834479,300000,5999,5.1873
PSO,F18_Hybrid 1_D30,30,1,28.93487187664386,300000,5999,5.1835
PSO,F18_Hybrid 1_D30,30,2,17.93360349856144,300000,5999,5.2322
PSO,F18_Hybrid 1_D30,30,3,10020.89950585007,300000,5999,5.2102
PSO,F18_Hybrid 1_D30,30,4,30.890211517833144,300000,5999,5.1954
PSO,F18_Hybrid 1_D30,30,5,14.931835156699403,300000,5999,5.1294
PSO,F18_Hybrid 1_D30,30,6,14.945983193686931,300000,5999,906.5652
PSO,F18_Hybrid 1_D30,30,7,20.90066581502432,300000,5999,5.0333
PSO,F18_Hybrid 1_D30,30,8,10011.744409957802,300000,5999,4.9481
PSO,F18_Hybrid 1_D30,30,9,30009.955127261008,300000,5999,4.9911
PSO,F18_Hybrid 1_D30,30,10,31451.70204742284,300000,5999,4.9320
PSO,F18_Hybrid 1_D30,30,11,27.863970909355825,300000,5999,5.0785
PSO,F18_Hybrid 1_D30,30,12,35.82603836224032,300000,5999,5.0272
PSO,F18_Hybrid 1_D30,30,13,13975.365469646242,300000,5999,5.0118
PSO,F18_Hybrid 1_D30,30,14,27.869316958708634,300000,5999,5.0296
DE,F18_Hybrid 1_D30,30,0,3.497869851390394,300000,5999,923.4309
DE,F18_Hybrid 1_D30,30,1,5.040578314995908,300000,5999,7.0788
DE,F18_Hybrid 1_D30,30,2,4.783808273149564,300000,5999,7.0850
DE,F18_Hybrid 1_D30,30,3,10.1696109727701,300000,5999,7.0812
DE,F18_Hybrid 1_D30,30,4,6.913994821713498,300000,5999,7.1185
DE,F18_Hybrid 1_D30,30,5,7.966512543327374,300000,5999,7.2943
DE,F18_Hybrid 1_D30,30,6,7.187677959465375,300000,5999,7.3321
DE,F18_Hybrid 1_D30,30,7,7.249253344008868,300000,5999,1069.9523
DE,F18_Hybrid 1_D30,30,8,15.362639341180005,300000,5999,7.1239
DE,F18_Hybrid 1_D30,30,9,5.8410555804172,300000,5999,7.0966
DE,F18_Hybrid 1_D30,30,10,5.397835838910412,300000,5999,7.1554
DE,F18_Hybrid 1_D30,30,11,3.5159514388518147,300000,5999,7.1915
DE,F18_Hybrid 1_D30,30,12,5.002583400058934,300000,5999,7.2674
DE,F18_Hybrid 1_D30,30,13,8.131033969963891,300000,5999,956.1752
DE,F18_Hybrid 1_D30,30,14,6.26630126258439,300000,5999,7.0787
GA,F18_Hybrid 1_D30,30,0,5423.467158073812,300002,6249,14.0314
GA,F18_Hybrid 1_D30,30,1,3258.535686982163,300002,6249,18.6757
GA,F18_Hybrid 1_D30,30,2,2900.0863092216014,300002,6249,21.8845
GA,F18_Hybrid 1_D30,30,3,1825.8085006783733,300002,6249,16.0397
GA,F18_Hybrid 1_D30,30,4,7547.225383793408,300002,6249,15.9036
GA,F18_Hybrid 1_D30,30,5,1148.5500703947166,300002,6249,15.6949
GA,F18_Hybrid 1_D30,30,6,2500.519285844834,300002,6249,16.0041
GA,F18_Hybrid 1_D30,30,7,3815.660298699603,300002,6249,15.9717
GA,F18_Hybrid 1_D30,30,8,1728.2795285223717,300002,6249,15.7476
GA,F18_Hybrid 1_D30,30,9,2441.4915895301397,300002,6249,16.0630
GA,F18_Hybrid 1_D30,30,10,3758.3426548740895,300002,6249,17.1547
GA,F18_Hybrid 1_D30,30,11,2036.9166710128927,300002,6249,15.7003
GA,F18_Hybrid 1_D30,30,12,2602.9748421796094,300002,6249,15.7047
GA,F18_Hybrid 1_D30,30,13,1852.1105104209498,300002,6249,15.7821
GA,F18_Hybrid 1_D30,30,14,2571.717044907574,300002,6249,15.8415
RCOA,F21_Composition 1_D30,30,0,1.268348286704901e-06,300051,2618,8.6765
RCOA,F21_Composition 1_D30,30,1,3.024673199694693e-17,300033,5123,9.3516
RCOA,F21_Composition 1_D30,30,2,3.739258516354985e-07,300064,2741,8.6736
RCOA,F21_Composition 1_D30,30,3,1.2115099107818827e-06,300040,2626,8.7553
RCOA,F21_Composition 1_D30,30,4,1.1370140300920085e-06,300004,2630,8.6240
RCOA,F21_Composition 1_D30,30,5,1.1847975349328448e-06,300012,2623,8.9029
RCOA,F21_Composition 1_D30,30,6,0.0004231452464613116,300098,2029,8.6601
RCOA,F21_Composition 1_D30,30,7,4.236459605322843e-06,300060,2495,8.8379
RCOA,F21_Composition 1_D30,30,8,1.0203241005500335e-06,300008,2642,8.8897
RCOA,F21_Composition 1_D30,30,9,5.204826260974248e-05,300010,2238,9.0289
RCOA,F21_Composition 1_D30,30,10,1.8558949444448413e-06,300055,2579,8.8200
RCOA,F21_Composition 1_D30,30,11,0.008969591806233563,300015,1714,8.7055
RCOA,F21_Composition 1_D30,30,12,1.9111697561243567e-06,300042,2577,8.9485
RCOA,F21_Composition 1_D30,30,13,3.024673199694693e-17,300033,5123,9.4403
RCOA,F21_Composition 1_D30,30,14,8.644702042664625e-05,300076,2187,8.5788
PSO,F21_Composition 1_D30,30,0,3471.473076197433,300000,5999,10.0756
PSO,F21_Composition 1_D30,30,1,26458.018715274935,300000,5999,9.9143
PSO,F21_Composition 1_D30,30,2,16116.027601670688,300000,5999,9.9312
PSO,F21_Composition 1_D30,30,3,15702.188611320174,300000,5999,10.4433
PSO,F21_Composition 1_D30,30,4,13369.623759635788,300000,5999,10.0117
PSO,F21_Composition 1_D30,30,5,16720.86246654505,300000,5999,10.0407
PSO,F21_Composition 1_D30,30,6,16853.35498727834,300000,5999,10.0069
PSO,F21_Composition 1_D30,30,7,16528.100203853974,300000,5999,9.9368
PSO,F21_Composition 1_D30,30,8,27790.575867850323,300000,5999,10.4501
PSO,F21_Composition 1_D30,30,9,13442.510069390242,300000,5999,10.0444
PSO,F21_Composition 1_D30,30,10,7850.180770601209,300000,5999,10.1192
PSO,F21_Composition 1_D30,30,11,14841.508601571244,300000,5999,10.1922
PSO,F21_Composition 1_D30,30,12,12645.799682794168,300000,5999,10.0434
PSO,F21_Composition 1_D30,30,13,14479.946485376275,300000,5999,9.9621
PSO,F21_Composition 1_D30,30,14,15762.247317486375,300000,5999,10.0342
DE,F21_Composition 1_D30,30,0,4501.244082869402,300000,5999,13.0343
DE,F21_Composition 1_D30,30,1,81387.3390489644,300000,5999,12.7101
DE,F21_Composition 1_D30,30,2,110764.69402974678,300000,5999,12.6640
DE,F21_Composition 1_D30,30,3,99674.88364633643,300000,5999,12.4456
DE,F21_Composition 1_D30,30,4,102880.03157526335,300000,5999,12.9377
DE,F21_Composition 1_D30,30,5,83422.24275580863,300000,5999,12.4710
DE,F21_Composition 1_D30,30,6,75838.54092144812,300000,5999,12.4487
DE,F21_Composition 1_D30,30,7,84480.78921399693,300000,5999,12.6694
DE,F21_Composition 1_D30,30,8,96710.86224558424,300000,5999,13.0877
DE,F21_Composition 1_D30,30,9,96862.48245364014,300000,5999,12.8226
DE,F21_Composition 1_D30,30,10,97803.49485080574,300000,5999,12.6350
DE,F21_Composition 1_D30,30,11,62387.10455362661,300000,5999,12.7494
DE,F21_Composition 1_D30,30,12,69263.9551024985,300000,5999,13.0837
DE,F21_Composition 1_D30,30,13,81708.17237288896,300000,5999,13.1536
DE,F21_Composition 1_D30,30,14,82658.94279982724,300000,5999,20.0961
GA,F21_Composition 1_D30,30,0,4501.244082869402,300002,6249,27.9155
GA,F21_Composition 1_D30,30,1,97559.70291961667,300002,6249,30.5113
GA,F21_Composition 1_D30,30,2,110764.69402974678,300002,6249,27.3559
GA,F21_Composition 1_D30,30,3,99674.88364633643,300002,6249,27.8225
GA,F21_Composition 1_D30,30,4,102880.03157526335,300002,6249,26.9112
GA,F21_Composition 1_D30,30,5,83422.24275580863,300002,6249,29.2639
GA,F21_Composition 1_D30,30,6,75838.54092144812,300002,6249,28.3491
GA,F21_Composition 1_D30,30,7,84480.78921399693,300002,6249,27.6551
GA,F21_Composition 1_D30,30,8,105376.04715333531,300002,6249,25.7600
GA,F21_Composition 1_D30,30,9,96862.48245364014,300002,6249,26.0143
GA,F21_Composition 1_D30,30,10,97803.49485080574,300002,6249,27.3646
GA,F21_Composition 1_D30,30,11,62387.10455362661,300002,6249,26.7579
GA,F21_Composition 1_D30,30,12,69263.9551024985,300002,6249,26.5487
GA,F21_Composition 1_D30,30,13,81708.17237288896,300002,6249,26.0957
GA,F21_Composition 1_D30,30,14,94531.15902621699,300002,6249,25.5267
RCOA,F25_Composition 5_D30,30,0,1.0306449498599259e-18,300011,6749,17.2529
RCOA,F25_Composition 5_D30,30,1,1.0306449498599259e-18,300011,6749,16.2981
RCOA,F25_Composition 5_D30,30,2,5.1075071029911156e-17,300042,6349,15.7496
RCOA,F25_Composition 5_D30,30,3,5.1075071029911156e-17,300042,6349,16.8305
RCOA,F25_Composition 5_D30,30,4,1.0306449498599259e-18,300011,6749,16.9321
RCOA,F25_Composition 5_D30,30,5,1.0306449498599259e-18,300011,6749,16.3824
RCOA,F25_Composition 5_D30,30,6,1.0308359079081779e-18,300011,6749,16.1206
RCOA,F25_Composition 5_D30,30,7,1.0306449498599259e-18,300011,6749,14.6190
RCOA,F25_Composition 5_D30,30,8,1.0306449498599259e-18,300011,6749,15.3909
RCOA,F25_Composition 5_D30,30,9,1.0308359079081779e-18,300011,6749,16.1855
RCOA,F25_Composition 5_D30,30,10,5.1075071029911156e-17,300042,6349,15.8908
RCOA,F25_Composition 5_D30,30,11,1.0306449498599259e-18,300011,6749,17.2609
RCOA,F25_Composition 5_D30,30,12,5.1075071029911156e-17,300042,6349,19.6794
RCOA,F25_Composition 5_D30,30,13,5.1075071029911156e-17,300042,6349,16.2681
RCOA,F25_Composition 5_D30,30,14,5.1075071029911156e-17,300042,6349,16.5730
PSO,F25_Composition 5_D30,30,0,43916663.67446145,300000,5999,15.9386
PSO,F25_Composition 5_D30,30,1,1324005430.2205331,300000,5999,15.8573
PSO,F25_Composition 5_D30,30,2,3172229827.736172,300000,5999,16.6480
PSO,F25_Composition 5_D30,30,3,2978433469.6571684,300000,5999,15.5738
PSO,F25_Composition 5_D30,30,4,397351609.29763734,300000,5999,15.8503
PSO,F25_Composition 5_D30,30,5,1799513830.723548,300000,5999,16.1462
PSO,F25_Composition 5_D30,30,6,3673009436.312358,300000,5999,15.5029
PSO,F25_Composition 5_D30,30,7,2050475524.0824244,300000,5999,15.2842
PSO,F25_Composition 5_D30,30,8,543849565.5448427,300000,5999,15.8246
PSO,F25_Composition 5_D30,30,9,1620778655.8511167,300000,5999,15.2510
PSO,F25_Composition 5_D30,30,10,2471047587.9875393,300000,5999,15.5367
PSO,F25_Composition 5_D30,30,11,1678712528.2507563,300000,5999,15.3186
PSO,F25_Composition 5_D30,30,12,815724391.3981649,300000,5999,15.6095
PSO,F25_Composition 5_D30,30,13,1312856892.6856968,300000,5999,18.0495
PSO,F25_Composition 5_D30,30,14,666741900.8940841,300000,5999,17.5928
DE,F25_Composition 5_D30,30,0,87291716.16881832,300000,5999,20.4690
DE,F25_Composition 5_D30,30,1,24324512852.331264,300000,5999,19.2661
DE,F25_Composition 5_D30,30,2,34347658010.490818,300000,5999,17.8522
DE,F25_Composition 5_D30,30,3,53999208713.291084,300000,5999,18.2414
DE,F25_Composition 5_D30,30,4,23486094981.0642,300000,5999,18.6053
DE,F25_Composition 5_D30,30,5,30018449065.241325,300000,5999,17.9624
DE,F25_Composition 5_D30,30,6,44524281038.057465,300000,5999,17.9013
DE,F25_Composition 5_D30,30,7,45641750645.10131,300000,5999,19.5204
DE,F25_Composition 5_D30,30,8,46295030378.925446,300000,5999,18.0824
DE,F25_Composition 5_D30,30,9,56600341605.867386,300000,5999,17.6593
DE,F25_Composition 5_D30,30,10,46885252449.15245,300000,5999,17.6768
DE,F25_Composition 5_D30,30,11,58607200653.46765,300000,5999,17.8315
DE,F25_Composition 5_D30,30,12,34394567639.19933,300000,5999,18.7187
DE,F25_Composition 5_D30,30,13,38337226896.74425,300000,5999,18.0017
DE,F25_Composition 5_D30,30,14,34760309480.18903,300000,5999,17.9340
GA,F25_Composition 5_D30,30,0,87291716.16881832,300002,6249,30.4653
GA,F25_Composition 5_D30,30,1,63749895493.041145,300002,6249,28.0056
GA,F25_Composition 5_D30,30,2,55556841867.7054,300002,6249,27.9760
GA,F25_Composition 5_D30,30,3,53999208713.291084,300002,6249,27.5553
GA,F25_Composition 5_D30,30,4,37540945216.935616,300002,6249,28.3061
GA,F25_Composition 5_D30,30,5,32761782364.077534,300002,6249,27.4528
GA,F25_Composition 5_D30,30,6,58373750822.897125,300002,6249,28.9233
GA,F25_Composition 5_D30,30,7,45641750645.10131,300002,6249,28.1765
GA,F25_Composition 5_D30,30,8,56868666371.80821,300002,6249,28.9550
GA,F25_Composition 5_D30,30,9,56600341605.867386,300002,6249,27.2751
GA,F25_Composition 5_D30,30,10,65210028130.10762,300002,6249,27.4851
GA,F25_Composition 5_D30,30,11,58607200653.46765,300002,6249,27.3048
GA,F25_Composition 5_D30,30,12,34394567639.19933,300002,6249,28.1297
GA,F25_Composition 5_D30,30,13,38337226896.74425,300002,6249,28.2264
GA,F25_Composition 5_D30,30,14,42739978311.59452,300002,6249,27.7138
RCOA,F30_Composition 10_D30,30,0,1.1905683178393605e-16,300019,6438,24.3633
RCOA,F30_Composition 10_D30,30,1,1.4052531941067025e-26,300018,8797,25.7352
RCOA,F30_Composition 10_D30,30,2,4.338258174274819e-19,300024,7017,23.6459
RCOA,F30_Composition 10_D30,30,3,7.65813178848296e-22,300017,7672,21.4444
RCOA,F30_Composition 10_D30,30,4,1.4052531941067025e-26,300019,8797,21.5514
RCOA,F30_Composition 10_D30,30,5,2.143393997801206e-25,300028,8512,21.5813
RCOA,F30_Composition 10_D30,30,6,1.4052531941067025e-26,300018,8797,21.5700
RCOA,F30_Composition 10_D30,30,7,7.5819321040167745e-22,300011,7673,21.6152
RCOA,F30_Composition 10_D30,30,8,4.381858393780539e-19,300032,7016,21.1899
RCOA,F30_Composition 10_D30,30,9,1.4052531941067025e-26,300017,8797,21.4977
RCOA,F30_Composition 10_D30,30,10,2.143393997801206e-25,300028,8512,21.5337
RCOA,F30_Composition 10_D30,30,11,7.65813178848296e-22,300017,7672,21.1590
RCOA,F30_Composition 10_D30,30,12,7.65813178848296e-22,300017,7672,21.2757
RCOA,F30_Composition 10_D30,30,13,2.2649800990757712e-24,300026,8270,21.6052
RCOA,F30_Composition 10_D30,30,14,7.5819321040167745e-22,300011,7673,21.0759
PSO,F30_Composition 10_D30,30,0,149031359.51110822,300000,5999,21.4528
PSO,F30_Composition 10_D30,30,1,315726825.8244129,300000,5999,22.0105
PSO,F30_Composition 10_D30,30,2,164671819.50386727,300000,5999,21.9867
PSO,F30_Composition 10_D30,30,3,26128164.440504603,300000,5999,21.0273
PSO,F30_Composition 10_D30,30,4,1204630023.9066296,300000,5999,21.9382
PSO,F30_Composition 10_D30,30,5,169028777.37110275,300000,5999,21.0110
PSO,F30_Composition 10_D30,30,6,156891377.6870048,300000,5999,21.3332
PSO,F30_Composition 10_D30,30,7,96586451.23588046,300000,5999,21.7259
PSO,F30_Composition 10_D30,30,8,148818600.21456194,300000,5999,21.4925
PSO,F30_Composition 10_D30,30,9,64954851.74624711,300000,5999,21.3965
PSO,F30_Composition 10_D30,30,10,126044435.13769352,300000,5999,21.2093
PSO,F30_Composition 10_D30,30,11,66528886.13421233,300000,5999,21.1550
PSO,F30_Composition 10_D30,30,12,249256676.50989497,300000,5999,21.4176
PSO,F30_Composition 10_D30,30,13,124227369.72712019,300000,5999,21.0647
PSO,F30_Composition 10_D30,30,14,30969499.55401207,300000,5999,21.1873
DE,F30_Composition 10_D30,30,0,1130091386.3836281,300000,5999,24.1064
DE,F30_Composition 10_D30,30,1,7544910359.372826,300000,5999,23.3988
DE,F30_Composition 10_D30,30,2,2431104611.0604935,300000,5999,23.4694
DE,F30_Composition 10_D30,30,3,22940333758.930126,300000,5999,23.9920
DE,F30_Composition 10_D30,30,4,9640791024.736744,300000,5999,23.7860
DE,F30_Composition 10_D30,30,5,26558331581.296875,300000,5999,23.8112
DE,F30_Composition 10_D30,30,6,14448720607.677378,300000,5999,23.6950
DE,F30_Composition 10_D30,30,7,7556939003.1043825,300000,5999,24.1732
DE,F30_Composition 10_D30,30,8,15918758144.284992,300000,5999,24.1251
DE,F30_Composition 10_D30,30,9,15850102141.119583,300000,5999,23.6810
DE,F30_Composition 10_D30,30,10,20800999371.68727,300000,5999,23.6025
DE,F30_Composition 10_D30,30,11,8330362677.892746,300000,5999,23.4718
DE,F30_Composition 10_D30,30,12,9516381908.715452,300000,5999,24.0227
DE,F30_Composition 10_D30,30,13,11606107832.17993,300000,5999,25.4798
DE,F30_Composition 10_D30,30,14,10356670074.399944,300000,5999,23.9831
GA,F30_Composition 10_D30,30,0,1130091386.3836281,300002,6249,32.0977
GA,F30_Composition 10_D30,30,1,15621956744.572834,300002,6249,31.6788
GA,F30_Composition 10_D30,30,2,2431104611.0604935,300002,6249,32.3777
GA,F30_Composition 10_D30,30,3,22940333758.930126,300002,6249,31.7958
GA,F30_Composition 10_D30,30,4,9640791024.736744,300002,6249,31.8078
GA,F30_Composition 10_D30,30,5,14708427807.513542,300002,6249,32.0312
GA,F30_Composition 10_D30,30,6,14448720607.677378,300002,6249,32.0690
GA,F30_Composition 10_D30,30,7,7556939003.1043825,300002,6249,32.2850
GA,F30_Composition 10_D30,30,8,12088022732.190706,300002,6249,32.0048
GA,F30_Composition 10_D30,30,9,18981181298.345264,300002,6249,32.1399
GA,F30_Composition 10_D30,30,10,20800999371.68727,300002,6249,31.9213
GA,F30_Composition 10_D30,30,11,8330362677.892746,300002,6249,32.3021
GA,F30_Composition 10_D30,30,12,6178401651.599227,300002,6249,32.1912
GA,F30_Composition 10_D30,30,13,11606107832.17993,300002,6249,32.3042
GA,F30_Composition 10_D30,30,14,10356670074.399944,300002,6249,31.6773